[
  {
    "model": "sessions.session",
    "pk": "m2ewc6ruyggo2fq1sw29qiaxtdb6k3tm",
    "fields": {
      "session_data": ".eJxVjDsKwzAQRO-iOgj9JadM7zOIlXaxnAQJLLsKuXtscBFXA_PezIdF2NYSt05LnJHdmWS3_y5BflE9AD6hTo3nVtdlTvxQ-Ek7HxvS-3G6l4MCvezrpIQz5KzxJhNo4UBra8QQpPTBg5bWmzA4lcAqgVl6qwD21OgIKSP7_gCrzzcv:1qfGe7:Pn80jG4N4LBS7cdGMMllgpRk0tyTTUeHgzhUDNp7DYM",
      "expire_date": "2023-09-24T09:22:23.881Z"
    }
  },
  {
    "model": "accounts.newuser",
    "pk": 1,
    "fields": {
      "password": "pbkdf2_sha1$600000$IKcTNfKxJnsnfaxUlDBYyC$bsMeFMovbUaloefqUmQW8cMM1es=",
      "last_login": "2023-09-10T09:22:23.877Z",
      "is_superuser": true,
      "email": "testadmin@example.com",
      "user_name": "root",
      "created": "2023-09-10T09:22:16.095Z",
      "about": "",
      "profile_image": "",
      "is_staff": true,
      "is_active": true,
      "time_deleted": null,
      "is_banned": false,
      "email_confirmed": true,
      "groups": [],
      "user_permissions": []
    }
  },
  {
    "model": "accounts.newuser",
    "pk": 2,
    "fields": {
      "password": "12345",
      "last_login": null,
      "is_superuser": false,
      "email": "ostromir_05@example.org",
      "user_name": "Наум Авдеевич Цветков",
      "created": "2023-09-10T09:22:39.338Z",
      "about": "",
      "profile_image": "рабочий.jpeg",
      "is_staff": false,
      "is_active": true,
      "time_deleted": null,
      "is_banned": true,
      "email_confirmed": false,
      "groups": [],
      "user_permissions": []
    }
  },
  {
    "model": "accounts.newuser",
    "pk": 3,
    "fields": {
      "password": "12345",
      "last_login": null,
      "is_superuser": false,
      "email": "filipp_38@example.org",
      "user_name": "Миронова Ксения Наумовна",
      "created": "2023-09-10T09:22:39.349Z",
      "about": "Тяжелый сынок применяться аллея хозяйка пространство кожа. Порода дурацкий адвокат упорно.",
      "profile_image": "дошлый.jpeg",
      "is_staff": false,
      "is_active": false,
      "time_deleted": null,
      "is_banned": true,
      "email_confirmed": true,
      "groups": [],
      "user_permissions": []
    }
  },
  {
    "model": "accounts.newuser",
    "pk": 4,
    "fields": {
      "password": "12345",
      "last_login": null,
      "is_superuser": false,
      "email": "antip1970@example.com",
      "user_name": "Силантий Елисеевич Овчинников",
      "created": "2023-09-10T09:22:39.353Z",
      "about": "",
      "profile_image": "",
      "is_staff": false,
      "is_active": false,
      "time_deleted": null,
      "is_banned": true,
      "email_confirmed": true,
      "groups": [],
      "user_permissions": []
    }
  },
  {
    "model": "accounts.newuser",
    "pk": 5,
    "fields": {
      "password": "12345",
      "last_login": null,
      "is_superuser": false,
      "email": "fade_1984@example.org",
      "user_name": "Захарова Регина Тарасовна",
      "created": "2023-09-10T09:22:39.356Z",
      "about": "",
      "profile_image": "головка.jpeg",
      "is_staff": false,
      "is_active": true,
      "time_deleted": null,
      "is_banned": true,
      "email_confirmed": false,
      "groups": [],
      "user_permissions": []
    }
  },
  {
    "model": "accounts.newuser",
    "pk": 6,
    "fields": {
      "password": "12345",
      "last_login": null,
      "is_superuser": false,
      "email": "arefi71@example.org",
      "user_name": "Клавдий Афанасьевич Тарасов",
      "created": "2023-09-10T09:22:39.360Z",
      "about": "",
      "profile_image": "мера.jpeg",
      "is_staff": false,
      "is_active": true,
      "time_deleted": null,
      "is_banned": false,
      "email_confirmed": true,
      "groups": [],
      "user_permissions": []
    }
  },
  {
    "model": "accounts.newuser",
    "pk": 7,
    "fields": {
      "password": "12345",
      "last_login": null,
      "is_superuser": false,
      "email": "potapovmir@example.net",
      "user_name": "Морозова Алла Наумовна",
      "created": "2023-09-10T09:22:39.363Z",
      "about": "",
      "profile_image": "",
      "is_staff": false,
      "is_active": false,
      "time_deleted": null,
      "is_banned": true,
      "email_confirmed": false,
      "groups": [],
      "user_permissions": []
    }
  },
  {
    "model": "accounts.newuser",
    "pk": 8,
    "fields": {
      "password": "12345",
      "last_login": null,
      "is_superuser": false,
      "email": "ija1980@example.com",
      "user_name": "Радован Гавриилович Соловьев",
      "created": "2023-09-10T09:22:39.367Z",
      "about": "Вывести собеседник прежде тесно зеленый академик. Ленинград светило ручей плавно.",
      "profile_image": "",
      "is_staff": false,
      "is_active": false,
      "time_deleted": null,
      "is_banned": true,
      "email_confirmed": true,
      "groups": [],
      "user_permissions": []
    }
  },
  {
    "model": "accounts.newuser",
    "pk": 9,
    "fields": {
      "password": "12345",
      "last_login": null,
      "is_superuser": false,
      "email": "prohorovartemi@example.org",
      "user_name": "Белякова Агата Эдуардовна",
      "created": "2023-09-10T09:22:39.369Z",
      "about": "Ход тусклый руководитель плод. Способ интеллектуальный горький табак степь.",
      "profile_image": "",
      "is_staff": false,
      "is_active": true,
      "time_deleted": null,
      "is_banned": true,
      "email_confirmed": true,
      "groups": [],
      "user_permissions": []
    }
  },
  {
    "model": "accounts.newuser",
    "pk": 10,
    "fields": {
      "password": "12345",
      "last_login": null,
      "is_superuser": false,
      "email": "dorofeevljubomir@example.net",
      "user_name": "Суханов Аким Антипович",
      "created": "2023-09-10T09:22:39.373Z",
      "about": "Казнь торопливый миллиард ответить предоставить мера посвятить. Наткнуться монета оборот редактор материя. Услать дыхание трясти тусклый термин академик мгновение.",
      "profile_image": "",
      "is_staff": false,
      "is_active": false,
      "time_deleted": null,
      "is_banned": true,
      "email_confirmed": false,
      "groups": [],
      "user_permissions": []
    }
  },
  {
    "model": "accounts.newuser",
    "pk": 11,
    "fields": {
      "password": "12345",
      "last_login": null,
      "is_superuser": false,
      "email": "kozlovtit@example.net",
      "user_name": "Август Ермолаевич Гурьев",
      "created": "2023-09-10T09:22:39.377Z",
      "about": "",
      "profile_image": "",
      "is_staff": false,
      "is_active": false,
      "time_deleted": null,
      "is_banned": false,
      "email_confirmed": false,
      "groups": [],
      "user_permissions": []
    }
  },
  {
    "model": "accounts.newuser",
    "pk": 12,
    "fields": {
      "password": "12345",
      "last_login": null,
      "is_superuser": false,
      "email": "noskovluka@example.org",
      "user_name": "Алевтина Семеновна Воронцова",
      "created": "2023-09-10T09:22:39.380Z",
      "about": "Монета видимо какой разнообразный трубка зеленый следовательно. Потрясти решение предоставить один рай военный парень.",
      "profile_image": "роса.jpeg",
      "is_staff": false,
      "is_active": true,
      "time_deleted": null,
      "is_banned": true,
      "email_confirmed": false,
      "groups": [],
      "user_permissions": []
    }
  },
  {
    "model": "accounts.newuser",
    "pk": 13,
    "fields": {
      "password": "12345",
      "last_login": null,
      "is_superuser": false,
      "email": "gorbunovdanila@example.org",
      "user_name": "Ершов Аггей Денисович",
      "created": "2023-09-10T09:22:39.382Z",
      "about": "",
      "profile_image": "",
      "is_staff": false,
      "is_active": true,
      "time_deleted": null,
      "is_banned": false,
      "email_confirmed": true,
      "groups": [],
      "user_permissions": []
    }
  },
  {
    "model": "accounts.newuser",
    "pk": 14,
    "fields": {
      "password": "12345",
      "last_login": null,
      "is_superuser": false,
      "email": "vlasovruben@example.org",
      "user_name": "Нинель Ефимовна Самойлова",
      "created": "2023-09-10T09:22:39.384Z",
      "about": "",
      "profile_image": "",
      "is_staff": false,
      "is_active": false,
      "time_deleted": null,
      "is_banned": true,
      "email_confirmed": false,
      "groups": [],
      "user_permissions": []
    }
  },
  {
    "model": "accounts.newuser",
    "pk": 15,
    "fields": {
      "password": "12345",
      "last_login": null,
      "is_superuser": false,
      "email": "avksentifokin@example.net",
      "user_name": "Прасковья Львовна Иванова",
      "created": "2023-09-10T09:22:39.387Z",
      "about": "",
      "profile_image": "",
      "is_staff": false,
      "is_active": true,
      "time_deleted": null,
      "is_banned": true,
      "email_confirmed": true,
      "groups": [],
      "user_permissions": []
    }
  },
  {
    "model": "accounts.newuser",
    "pk": 16,
    "fields": {
      "password": "12345",
      "last_login": null,
      "is_superuser": false,
      "email": "nifont_2022@example.net",
      "user_name": "Доронина Зинаида Георгиевна",
      "created": "2023-09-10T09:22:39.390Z",
      "about": "Анализ функция советовать полевой песня карман сохранять угроза. Одиннадцать упорно славный отъезд функция роса темнеть.",
      "profile_image": "",
      "is_staff": false,
      "is_active": true,
      "time_deleted": null,
      "is_banned": false,
      "email_confirmed": true,
      "groups": [],
      "user_permissions": []
    }
  },
  {
    "model": "accounts.newuser",
    "pk": 17,
    "fields": {
      "password": "12345",
      "last_login": null,
      "is_superuser": false,
      "email": "martjanantonov@example.org",
      "user_name": "Лаврентьев Архип Юльевич",
      "created": "2023-09-10T09:22:39.393Z",
      "about": "Уничтожение вперед стакан нажать проход. Левый изображать академик поставить возникновение. Наткнуться выраженный конструкция понятный прощение конференция.",
      "profile_image": "отметить.jpeg",
      "is_staff": false,
      "is_active": true,
      "time_deleted": null,
      "is_banned": true,
      "email_confirmed": true,
      "groups": [],
      "user_permissions": []
    }
  },
  {
    "model": "accounts.newuser",
    "pk": 18,
    "fields": {
      "password": "12345",
      "last_login": null,
      "is_superuser": false,
      "email": "dobroslav2004@example.com",
      "user_name": "Ситникова Агата Геннадиевна",
      "created": "2023-09-10T09:22:39.396Z",
      "about": "",
      "profile_image": "совещание.jpeg",
      "is_staff": false,
      "is_active": false,
      "time_deleted": null,
      "is_banned": false,
      "email_confirmed": false,
      "groups": [],
      "user_permissions": []
    }
  },
  {
    "model": "accounts.newuser",
    "pk": 19,
    "fields": {
      "password": "12345",
      "last_login": null,
      "is_superuser": false,
      "email": "anzhelika63@example.net",
      "user_name": "Горшков Терентий Августович",
      "created": "2023-09-10T09:22:39.398Z",
      "about": "",
      "profile_image": "",
      "is_staff": false,
      "is_active": false,
      "time_deleted": null,
      "is_banned": true,
      "email_confirmed": false,
      "groups": [],
      "user_permissions": []
    }
  },
  {
    "model": "accounts.newuser",
    "pk": 20,
    "fields": {
      "password": "12345",
      "last_login": null,
      "is_superuser": false,
      "email": "klavdianisimov@example.org",
      "user_name": "Дорофеева Фёкла Егоровна",
      "created": "2023-09-10T09:22:39.400Z",
      "about": "",
      "profile_image": "",
      "is_staff": false,
      "is_active": false,
      "time_deleted": null,
      "is_banned": true,
      "email_confirmed": true,
      "groups": [],
      "user_permissions": []
    }
  },
  {
    "model": "accounts.newuser",
    "pk": 21,
    "fields": {
      "password": "12345",
      "last_login": null,
      "is_superuser": false,
      "email": "ferapont15@example.org",
      "user_name": "Элеонора Макаровна Кулакова",
      "created": "2023-09-10T09:22:39.403Z",
      "about": "Снимать гулять бабочка терапия штаб изредка предоставить. Рот сравнение изменение идея. Соответствие поставить лететь отражение висеть задержать заявление.",
      "profile_image": "пасть.jpeg",
      "is_staff": false,
      "is_active": true,
      "time_deleted": null,
      "is_banned": false,
      "email_confirmed": true,
      "groups": [],
      "user_permissions": []
    }
  },
  {
    "model": "forum.themetag",
    "pk": 1,
    "fields": {
      "tag_name": "мелькнуть",
      "descriptions": "Анализ падаль поезд стакан набор факультет. Подробность механический научить ныне печатать мгновение. Зато интернет еврейский горький монета господь командир.",
      "is_relevant": true,
      "is_user_tag": false,
      "user": null,
      "creation_date": "2023-09-10T09:22:39.268Z"
    }
  },
  {
    "model": "forum.themetag",
    "pk": 2,
    "fields": {
      "tag_name": "потрясти",
      "descriptions": "Мотоцикл темнеть встать заявление. Белье полевой палец ручей возмутиться. Степь покидать торговля засунуть табак.",
      "is_relevant": true,
      "is_user_tag": true,
      "user": null,
      "creation_date": "2023-09-10T09:22:39.278Z"
    }
  },
  {
    "model": "forum.themetag",
    "pk": 3,
    "fields": {
      "tag_name": "развитый",
      "descriptions": "Поговорить запретить товар похороны. Угроза при господь.",
      "is_relevant": false,
      "is_user_tag": true,
      "user": null,
      "creation_date": "2023-09-10T09:22:39.283Z"
    }
  },
  {
    "model": "forum.themetag",
    "pk": 4,
    "fields": {
      "tag_name": "горький",
      "descriptions": "Чувство мелькнуть плод что оставить висеть. Наступать дальний вариант около даль счастье металл. Правый бровь аж расстройство валюта. Цель освобождение дошлый близко заработать.",
      "is_relevant": false,
      "is_user_tag": true,
      "user": null,
      "creation_date": "2023-09-10T09:22:39.284Z"
    }
  },
  {
    "model": "forum.themetag",
    "pk": 5,
    "fields": {
      "tag_name": "радость",
      "descriptions": "Грудь инструкция поймать материя выразить спичка. Носок салон заработать. Ход боец функция.",
      "is_relevant": false,
      "is_user_tag": false,
      "user": null,
      "creation_date": "2023-09-10T09:22:39.285Z"
    }
  },
  {
    "model": "forum.themetag",
    "pk": 6,
    "fields": {
      "tag_name": "непривычный",
      "descriptions": "Нож лететь растеряться сутки вздрогнуть применяться число выгнать. Фонарик руководитель неудобно правый желание сомнительный дыхание кожа. Кузнец секунда спичка написать торопливый приходить труп.",
      "is_relevant": false,
      "is_user_tag": false,
      "user": null,
      "creation_date": "2023-09-10T09:22:39.287Z"
    }
  },
  {
    "model": "forum.themetag",
    "pk": 7,
    "fields": {
      "tag_name": "граница",
      "descriptions": "Развитый развитый забирать. Какой слишком спорт ныне командование песенка салон еврейский. Изображать оставить печатать сверкающий песенка полевой.",
      "is_relevant": false,
      "is_user_tag": false,
      "user": null,
      "creation_date": "2023-09-10T09:22:39.289Z"
    }
  },
  {
    "model": "forum.themetag",
    "pk": 8,
    "fields": {
      "tag_name": "адвокат",
      "descriptions": "Угроза идея мелочь уточнить. Материя одиннадцать научить низкий возникновение горький неправда отъезд.",
      "is_relevant": false,
      "is_user_tag": true,
      "user": null,
      "creation_date": "2023-09-10T09:22:39.290Z"
    }
  },
  {
    "model": "forum.themetag",
    "pk": 9,
    "fields": {
      "tag_name": "носок",
      "descriptions": "Плод заведение приятель горький. Доставать выкинуть народ социалистический способ. Налево металл место спешить разводить господь.",
      "is_relevant": true,
      "is_user_tag": true,
      "user": null,
      "creation_date": "2023-09-10T09:22:39.292Z"
    }
  },
  {
    "model": "forum.themetag",
    "pk": 10,
    "fields": {
      "tag_name": "набор",
      "descriptions": "Невыносимый спорт промолчать роса настать факультет. Пища серьезный грудь иной за кожа указанный. Невозможно наткнуться нервно космос банда решетка цепочка.",
      "is_relevant": true,
      "is_user_tag": true,
      "user": null,
      "creation_date": "2023-09-10T09:22:39.294Z"
    }
  },
  {
    "model": "forum.themetag",
    "pk": 11,
    "fields": {
      "tag_name": "вперед",
      "descriptions": "Нож армейский опасность кольцо человечек еврейский издали. Сравнение невыносимый парень самостоятельно. Слишком пробовать ученый зачем видимо.",
      "is_relevant": false,
      "is_user_tag": false,
      "user": null,
      "creation_date": "2023-09-10T09:22:39.295Z"
    }
  },
  {
    "model": "forum.themetag",
    "pk": 12,
    "fields": {
      "tag_name": "господь",
      "descriptions": "Коллектив посвятить голубчик порт помимо рота. Столетие видимо обида назначить командующий прежде. Лететь крутой белье шлем.",
      "is_relevant": false,
      "is_user_tag": true,
      "user": null,
      "creation_date": "2023-09-10T09:22:39.297Z"
    }
  },
  {
    "model": "forum.themetag",
    "pk": 13,
    "fields": {
      "tag_name": "палата",
      "descriptions": "Миф неожиданный сходить витрина функция темнеть полностью пастух. Неожиданно мальчишка назначить песня ягода. Увеличиваться поздравлять функция мальчишка плясать багровый. Серьезный ломать слать полностью неправда исполнять.",
      "is_relevant": true,
      "is_user_tag": true,
      "user": null,
      "creation_date": "2023-09-10T09:22:39.299Z"
    }
  },
  {
    "model": "forum.themetag",
    "pk": 14,
    "fields": {
      "tag_name": "угроза",
      "descriptions": "Академик палка ход бригада. Ремень медицина легко зарплата плавно ученый.",
      "is_relevant": true,
      "is_user_tag": false,
      "user": null,
      "creation_date": "2023-09-10T09:22:39.300Z"
    }
  },
  {
    "model": "forum.themetag",
    "pk": 15,
    "fields": {
      "tag_name": "природа",
      "descriptions": "Терапия конференция сустав иной добиться лиловый сходить. Четыре запретить рот ныне пробовать видимо.",
      "is_relevant": true,
      "is_user_tag": false,
      "user": null,
      "creation_date": "2023-09-10T09:22:39.301Z"
    }
  },
  {
    "model": "forum.question",
    "pk": 1,
    "fields": {
      "user": 5,
      "title": "Сохранять запеть экзамен порт. Провинция изменение боец отражение вытаскивать смеяться находить непривычный. Один инвалид парень через правый дьявол.",
      "content": "Князь кузнец сустав левый. Снимать увеличиваться белье металл эффект кузнец табак рабочий. Приятель деловой факультет понятный. Степь девка невыносимый встать жидкий монета бригада. Услать интернет плавно недостаток коммунизм. Достоинство применяться фонарик. Результат выраженный неожиданный выгнать факультет.",
      "is_solved": true,
      "creation_date": "2023-09-10T09:22:39.432Z",
      "updated_date": "2023-09-10T09:22:39.472Z",
      "tags": [
        10,
        5,
        15,
        9,
        2
      ]
    }
  },
  {
    "model": "forum.question",
    "pk": 2,
    "fields": {
      "user": 15,
      "title": "Степь эффект ход разуметься встать расстройство прежний. Сустав войти советовать счастье направо изменение. Бегать еврейский трясти.",
      "content": "Терапия потом цвет дружно основание дьявол. Лететь серьезный адвокат. Советовать угодный каюта разуметься граница. Вообще засунуть посидеть бак задержать витрина умолять. Плясать дремать зима остановить призыв юный.",
      "is_solved": true,
      "creation_date": "2023-09-10T09:22:39.480Z",
      "updated_date": "2023-09-10T09:22:39.500Z",
      "tags": [
        4
      ]
    }
  },
  {
    "model": "forum.question",
    "pk": 3,
    "fields": {
      "user": 1,
      "title": "Конференция аж вздрагивать интернет присесть роскошный отметить налоговый. Витрина выдержать тревога белье очередной предоставить.",
      "content": "Пятеро товар да выраженный медицина район строительство куча. Табак армейский бетонный. Указанный следовательно бровь передо. Точно мучительно трубка недостаток. Провинция коммунизм печатать выкинуть наступать отражение плавно. Означать рота сустав плод освободить трубка сынок. Хотеть ленинград встать слишком да. Пробовать ученый граница.",
      "is_solved": true,
      "creation_date": "2023-09-10T09:22:39.507Z",
      "updated_date": "2023-09-10T09:22:39.531Z",
      "tags": [
        2
      ]
    }
  },
  {
    "model": "forum.question",
    "pk": 4,
    "fields": {
      "user": 1,
      "title": "Функция сынок порог роса отъезд. Инфекция мусор присесть зима пастух изучить что.",
      "content": "Счастье народ серьезный куча. Тесно миг поговорить. Разуметься песенка обида очередной спичка. Аж бабочка пространство строительство оставить дрогнуть трубка.",
      "is_solved": true,
      "creation_date": "2023-09-10T09:22:39.537Z",
      "updated_date": "2023-09-10T09:22:39.561Z",
      "tags": [
        1
      ]
    }
  },
  {
    "model": "forum.question",
    "pk": 5,
    "fields": {
      "user": 5,
      "title": "Заплакать исполнять валюта печатать недостаток интеллектуальный школьный пол. Бровь вообще пространство кузнец медицина. Потянуться академик функция налево отметить.",
      "content": "Необычный плясать зато плясать наступать. Прежний лететь князь столетие гулять пламя затянуться. Приличный сходить потрясти ставить очко естественный. Очко роса песня слишком виднеться. Некоторый посвятить угроза место картинка скользить банк расстройство.",
      "is_solved": true,
      "creation_date": "2023-09-10T09:22:39.566Z",
      "updated_date": "2023-09-10T09:22:39.585Z",
      "tags": [
        5
      ]
    }
  },
  {
    "model": "forum.question",
    "pk": 6,
    "fields": {
      "user": 6,
      "title": "Услать научить правый прежний горький редактор народ. Конструкция бок призыв упорно невозможно мучительно. Расстегнуть термин мучительно назначить предоставить невозможно очко.",
      "content": "Ложиться сынок штаб. Важный беспомощный расстройство устройство конференция задрать. Команда горький заработать темнеть мягкий уничтожение наслаждение. Еврейский порядок потом коммунизм парень новый кольцо. Печатать витрина команда бак аллея. Коммунизм слать услать сомнительный подробность. Еврейский ярко настать пятеро упорно чем задрать.",
      "is_solved": false,
      "creation_date": "2023-09-10T09:22:39.590Z",
      "updated_date": "2023-09-10T09:22:39.617Z",
      "tags": [
        4,
        14,
        3,
        6,
        5
      ]
    }
  },
  {
    "model": "forum.question",
    "pk": 7,
    "fields": {
      "user": 2,
      "title": "Тесно художественный миф головной дурацкий. Цвет инструкция четко выражаться триста. Приятель военный горький цепочка.",
      "content": "Грудь хотеть банк запустить передо привлекать. Мотоцикл пропаганда зеленый оборот спалить. Поймать металл палка устройство иной термин еврейский. Угодный граница холодно горький. Пастух очко фонарик экзамен бегать. Вскинуть умолять увеличиваться. Построить опасность основание способ носок светило смеяться. Запретить кожа тесно налево домашний выражение.",
      "is_solved": true,
      "creation_date": "2023-09-10T09:22:39.626Z",
      "updated_date": "2023-09-10T09:22:39.658Z",
      "tags": [
        14,
        9,
        6,
        12,
        15
      ]
    }
  },
  {
    "model": "forum.question",
    "pk": 8,
    "fields": {
      "user": 19,
      "title": "Правый правление горький актриса разводить радость. Мелочь плясать интернет холодно бочок. Скользить вывести грудь разуметься монета гулять девка.",
      "content": "Вскинуть помимо ярко возможно. Рот настать мелочь коричневый левый тусклый. Увеличиваться сходить находить постоянный художественный рот порода. Серьезный подробность ягода забирать снимать цвет сынок. Скрытый разнообразный мрачно.",
      "is_solved": false,
      "creation_date": "2023-09-10T09:22:39.667Z",
      "updated_date": "2023-09-10T09:22:39.699Z",
      "tags": [
        5,
        13,
        8
      ]
    }
  },
  {
    "model": "forum.question",
    "pk": 9,
    "fields": {
      "user": 17,
      "title": "Командование отъезд цвет ход райком означать. Сутки смеяться спорт угроза.",
      "content": "Невыносимый коробка спалить витрина бровь совещание тревога низкий. Поставить избегать шлем пламя. Приходить ломать спорт советовать плясать. Засунуть триста видимо ленинград. Появление совещание иной костер уронить построить жестокий запустить. Очко задержать горький еврейский.",
      "is_solved": true,
      "creation_date": "2023-09-10T09:22:39.708Z",
      "updated_date": "2023-09-10T09:22:39.733Z",
      "tags": [
        2,
        5,
        6,
        7
      ]
    }
  },
  {
    "model": "forum.question",
    "pk": 10,
    "fields": {
      "user": 8,
      "title": "Монета что направо ручей. Бегать заработать более.\nПроцесс вообще юный протягивать кольцо.",
      "content": "Налево похороны сынок дьявол неудобно. Понятный ломать перебивать очутиться. Триста вздрогнуть выраженный порядок ремень вздрогнуть. Через ярко крутой девка мимо темнеть доставать. Шлем инструкция спорт. Реклама выдержать коробка военный. Отражение приятель настать обида парень мера вздрогнуть. Ныне упор монета а казнь бригада. Дошлый намерение бак смелый.",
      "is_solved": true,
      "creation_date": "2023-09-10T09:22:39.740Z",
      "updated_date": "2023-09-10T09:22:39.785Z",
      "tags": [
        4,
        1,
        2,
        12,
        5
      ]
    }
  },
  {
    "model": "forum.question",
    "pk": 11,
    "fields": {
      "user": 2,
      "title": "Неправда непривычный труп. Неожиданный назначить хозяйка страсть мальчишка тревога плод. Полоска мера белье следовательно светило зарплата.",
      "content": "Горький голубчик тяжелый дыхание славный. Основание около развернуться результат сходить. Вчера что протягивать народ уточнить мягкий эпоха. А грустный медицина пересечь изба. Через печатать головной да падаль бригада строительство горький. Вздрагивать присесть сверкать солнце ход. Второй сходить пробовать исполнять трясти. Белье степь цель задержать командир механический.",
      "is_solved": true,
      "creation_date": "2023-09-10T09:22:39.796Z",
      "updated_date": "2023-09-10T09:22:39.823Z",
      "tags": [
        13,
        10,
        9
      ]
    }
  },
  {
    "model": "forum.question",
    "pk": 12,
    "fields": {
      "user": 4,
      "title": "Табак художественный избегать лететь изредка нож князь. Головной вздрагивать необычный достоинство степь эффект шлем пропадать.",
      "content": "Число шлем около монета дружно избегать интеллектуальный. Грудь заведение цвет монета означать способ ломать. Ныне ребятишки июнь зима коллектив. Пространство природа выдержать набор рот. Девка изучить предоставить заработать находить понятный хотеть. Что вскакивать опасность зима. Жить куча ныне. Заведение горький протягивать покидать. Приходить дальний приличный карандаш порог картинка.",
      "is_solved": true,
      "creation_date": "2023-09-10T09:22:39.833Z",
      "updated_date": "2023-09-10T09:22:39.858Z",
      "tags": [
        2,
        5
      ]
    }
  },
  {
    "model": "forum.question",
    "pk": 13,
    "fields": {
      "user": 20,
      "title": "Вздрагивать поколение чувство подробность товар призыв набор.\nГолубчик исполнять провал отражение уничтожение настать. Беспомощный вперед жидкий князь сопровождаться крыса.",
      "content": "Дьявол столетие подробность сустав коммунизм. Ход через степь сынок манера. Манера скрытый четыре свежий. Поговорить школьный основание монета. Жидкий степь степь пасть задрать фонарик.",
      "is_solved": false,
      "creation_date": "2023-09-10T09:22:39.865Z",
      "updated_date": "2023-09-10T09:22:39.895Z",
      "tags": [
        13,
        3,
        8,
        5,
        7
      ]
    }
  },
  {
    "model": "forum.question",
    "pk": 14,
    "fields": {
      "user": 14,
      "title": "Прошептать серьезный протягивать передо конференция. Картинка порядок недостаток армейский реклама. Невыносимый хозяйка изредка правление встать.",
      "content": "Терапия художественный демократия рот. Проход выраженный ребятишки результат терапия. Коммунизм угол счастье покинуть поставить развернуться трубка. Наткнуться наслаждение видимо возмутиться факультет виднеться шлем. Девка свежий ответить естественный еврейский выдержать. Анализ близко намерение свежий невозможно карман. Тута направо медицина изба оборот за.",
      "is_solved": false,
      "creation_date": "2023-09-10T09:22:39.905Z",
      "updated_date": "2023-09-10T09:22:39.934Z",
      "tags": [
        3,
        6,
        10,
        13,
        14
      ]
    }
  },
  {
    "model": "forum.question",
    "pk": 15,
    "fields": {
      "user": 17,
      "title": "Вскинуть уничтожение бригада разводить изба. Пропасть решетка приличный исследование зеленый господь. Решение трясти призыв экзамен анализ научить.",
      "content": "Жидкий достоинство иной конструкция горький. Второй порядок да стакан сравнение а. Правление бок недостаток чем прежде болото настать полностью. Рабочий изучить дурацкий бабочка вскинуть назначить. Мучительно похороны сустав художественный пища падаль. Материя ручей аж провал функция деньги ночь. Неправда металл выдержать юный цель головной висеть. Число поздравлять вариант интернет валюта поймать. Ручей аллея изба дружно шлем.",
      "is_solved": false,
      "creation_date": "2023-09-10T09:22:39.946Z",
      "updated_date": "2023-09-10T09:22:39.970Z",
      "tags": [
        1,
        15
      ]
    }
  },
  {
    "model": "forum.question",
    "pk": 16,
    "fields": {
      "user": 6,
      "title": "Пол товар решетка тесно карандаш провал рабочий дурацкий. Славный падать написать механический сутки дружно ложиться поймать. Команда шлем валюта.",
      "content": "Смертельный очутиться забирать расстегнуть возникновение правый сбросить. Задрать холодно выдержать полностью карман природа. Наступать ответить аллея. Радость самостоятельно беспомощный тусклый банда беспомощный вперед. Руководитель сверкающий болото лиловый.",
      "is_solved": false,
      "creation_date": "2023-09-10T09:22:39.975Z",
      "updated_date": "2023-09-10T09:22:39.994Z",
      "tags": [
        5,
        6,
        7,
        9
      ]
    }
  },
  {
    "model": "forum.question",
    "pk": 17,
    "fields": {
      "user": 15,
      "title": "Ставить граница точно белье. Зато способ о художественный решение что салон. Ученый исполнять куча табак.\nЕдиный вскакивать выгнать деловой посвятить мера. Потянуться ручей висеть легко.",
      "content": "Вытаскивать счастье счастье космос потрясти слать. Мимо прощение присесть сустав запустить эпоха. Сомнительный процесс совещание бетонный дорогой необычный зима сопровождаться. Задержать затянуться результат смелый ягода термин. Цвет равнодушный тревога трясти. Зеленый следовательно недостаток ученый ложиться. Страсть намерение страсть плавно торопливый передо.",
      "is_solved": false,
      "creation_date": "2023-09-10T09:22:39.999Z",
      "updated_date": "2023-09-10T09:22:40.024Z",
      "tags": [
        7
      ]
    }
  },
  {
    "model": "forum.question",
    "pk": 18,
    "fields": {
      "user": 9,
      "title": "Поздравлять пища кпсс мгновение. Добиться новый строительство сутки.",
      "content": "Вообще триста возможно желание хозяйка за. Прошептать свежий крыса виднеться нажать задержать академик. Второй секунда экзамен умирать командующий. Лететь новый пропасть эффект четко. Покидать горький оборот.",
      "is_solved": false,
      "creation_date": "2023-09-10T09:22:40.029Z",
      "updated_date": "2023-09-10T09:22:40.052Z",
      "tags": [
        13
      ]
    }
  },
  {
    "model": "forum.question",
    "pk": 19,
    "fields": {
      "user": 18,
      "title": "Ход слишком опасность кожа. Передо еврейский дыхание за военный неправда.",
      "content": "Ягода горький миг указанный трясти освободить рассуждение функция. Налоговый привлекать пасть. Блин цепочка зарплата неожиданно. Кпсс болото разводить еврейский. Бригада назначить вывести прощение мелочь. Функция второй конференция пропадать песенка.",
      "is_solved": false,
      "creation_date": "2023-09-10T09:22:40.059Z",
      "updated_date": "2023-09-10T09:22:40.080Z",
      "tags": [
        7,
        11
      ]
    }
  },
  {
    "model": "forum.question",
    "pk": 20,
    "fields": {
      "user": 12,
      "title": "Лиловый райком командующий головной.\nНалево новый рабочий металл угодный горький присесть. За миф подробность. Плавно столетие равнодушный поставить видимо светило.",
      "content": "Домашний товар монета возмутиться идея дружно инструкция. Плясать полностью выбирать запретить означать порядок освобождение. Реклама плавно угроза карандаш. Народ картинка изредка стакан изба дошлый правление.",
      "is_solved": false,
      "creation_date": "2023-09-10T09:22:40.084Z",
      "updated_date": "2023-09-10T09:22:40.104Z",
      "tags": [
        9,
        11
      ]
    }
  },
  {
    "model": "forum.question",
    "pk": 21,
    "fields": {
      "user": 2,
      "title": "Научить отдел самостоятельно.\nПотом печатать теория висеть заложить единый ведь девка. Разуметься наткнуться совещание. Естественный сходить пробовать роскошный.",
      "content": "Ход правый уронить умирать. Протягивать выбирать правый расстройство штаб радость промолчать. Сынок устройство горький сверкающий. Недостаток направо термин спалить факультет вывести тысяча ребятишки. Счастье секунда посвятить спешить умирать смеяться. Бок госпожа банк выкинуть. Через тяжелый рот спичка ночь.",
      "is_solved": true,
      "creation_date": "2023-09-10T09:22:40.109Z",
      "updated_date": "2023-09-10T09:22:40.130Z",
      "tags": [
        9,
        13
      ]
    }
  },
  {
    "model": "forum.question",
    "pk": 22,
    "fields": {
      "user": 14,
      "title": "Горький командующий художественный полевой дрогнуть домашний. Чем парень ответить грудь. Посвятить невыносимый ярко.\nРасстегнуть июнь зарплата вытаскивать ярко зима мучительно бегать.",
      "content": "Изредка триста очутиться изредка интеллектуальный помимо. Головной кпсс военный. Очередной ученый полюбить эффект порт расстройство конструкция. Выражение изба освободить чувство пятеро миллиард означать. Иной рис командующий покидать. Тесно новый еврейский. Научить крутой вздрагивать пробовать встать пробовать горький.",
      "is_solved": true,
      "creation_date": "2023-09-10T09:22:40.139Z",
      "updated_date": "2023-09-10T09:22:40.173Z",
      "tags": [
        1,
        15,
        8,
        12
      ]
    }
  },
  {
    "model": "forum.question",
    "pk": 23,
    "fields": {
      "user": 14,
      "title": "Заявление наслаждение палец командир зима. Обида радость постоянный спорт лететь плод. Освободить изменение граница сверкающий.",
      "content": "Бочок невыносимый мелочь отметить куча легко. Витрина спешить господь слать левый термин. Похороны следовательно второй порт художественный проход. Избегать вздрогнуть разводить жестокий наступать устройство. Заложить опасность военный эффект. Четыре единый плавно провал достоинство. Ночь сутки термин господь.",
      "is_solved": true,
      "creation_date": "2023-09-10T09:22:40.184Z",
      "updated_date": "2023-09-10T09:22:40.221Z",
      "tags": [
        1,
        6,
        9,
        13,
        11
      ]
    }
  },
  {
    "model": "forum.question",
    "pk": 24,
    "fields": {
      "user": 1,
      "title": "Поколение носок зато вывести актриса увеличиваться постоянный. Дурацкий угодный ведь протягивать реклама выкинуть полностью. Чувство поколение назначить хлеб засунуть какой пересечь роса.",
      "content": "Дорогой славный монета сынок. Жить цвет песенка хозяйка смертельный равнодушный избегать. Зеленый командир сынок сходить горький поезд экзамен. Зато чем следовательно пасть научить табак. Засунуть затянуться подробность зеленый госпожа возможно зарплата.",
      "is_solved": true,
      "creation_date": "2023-09-10T09:22:40.228Z",
      "updated_date": "2023-09-10T09:22:40.261Z",
      "tags": [
        2,
        13,
        1
      ]
    }
  },
  {
    "model": "forum.question",
    "pk": 25,
    "fields": {
      "user": 17,
      "title": "Что пробовать прощение демократия картинка бегать. Вариант госпожа ответить вытаскивать. Райком выгнать угодный кидать нажать функция.",
      "content": "Привлекать передо пастух обида конференция космос. Рот перебивать наступать терапия. Головной палата зарплата остановить растеряться полевой. Число плод задержать задрать манера посвятить степь. Решение танцевать природа витрина непривычный материя реклама. Пол район прошептать следовательно. Поймать очутиться сустав танцевать спалить близко пропадать. Плясать природа настать слать монета.",
      "is_solved": false,
      "creation_date": "2023-09-10T09:22:40.274Z",
      "updated_date": "2023-09-10T09:22:40.298Z",
      "tags": [
        15,
        9,
        1
      ]
    }
  },
  {
    "model": "forum.question",
    "pk": 26,
    "fields": {
      "user": 6,
      "title": "Запретить избегать механический штаб. Манера конструкция секунда настать дружно.\nХотеть слишком полоска о каюта освобождение бок зима. Демократия вчера функция порода.",
      "content": "Прелесть бригада поезд райком хотеть единый. Житель единый девка крыса ставить. Темнеть выкинуть порода монета поколение о. Болото спичка ремень около. Расстегнуть материя бегать командир похороны правый кольцо.",
      "is_solved": true,
      "creation_date": "2023-09-10T09:22:40.304Z",
      "updated_date": "2023-09-10T09:22:40.333Z",
      "tags": [
        3,
        4,
        10,
        14
      ]
    }
  },
  {
    "model": "forum.question",
    "pk": 27,
    "fields": {
      "user": 13,
      "title": "Монета стакан растеряться рис. Провал банда аж тревога палата.",
      "content": "Вчера художественный бочок применяться выражаться. Запустить мягкий спешить вскинуть металл. Рис инвалид посвятить призыв. Идея иной избегать кузнец поставить опасность. Ученый чувство точно издали понятный сынок прежде.",
      "is_solved": true,
      "creation_date": "2023-09-10T09:22:40.344Z",
      "updated_date": "2023-09-10T09:22:40.363Z",
      "tags": [
        9
      ]
    }
  },
  {
    "model": "forum.question",
    "pk": 28,
    "fields": {
      "user": 5,
      "title": "Господь падать изба очередной. Ход природа июнь пламя растеряться дружно степь.\nЗабирать прощение темнеть возмутиться важный. Четыре эффект миллиард разнообразный народ мелочь.",
      "content": "Деловой рота парень приличный поздравлять нервно. Возмутиться сверкающий мучительно князь каюта вытаскивать. Остановить приятель стакан крыса. Мгновение перебивать новый запеть зарплата порог изображать. Полевой эффект разводить степь ботинок возможно. Снимать покидать научить второй бригада сопровождаться.",
      "is_solved": false,
      "creation_date": "2023-09-10T09:22:40.368Z",
      "updated_date": "2023-09-10T09:22:40.391Z",
      "tags": [
        9,
        11
      ]
    }
  },
  {
    "model": "forum.question",
    "pk": 29,
    "fields": {
      "user": 11,
      "title": "Пол банк висеть угол пища мелочь. Холодно кожа жидкий непривычный упор темнеть передо.\nИнтернет возмутиться цвет другой пространство коробка счастье. Угроза бегать столетие лапа господь.",
      "content": "Идея пробовать запретить выражение выраженный. Налоговый необычный опасность применяться домашний. Равнодушный умолять дошлый конференция угроза уточнить равнодушный. Даль багровый сопровождаться возможно. Решетка теория степь инвалид полюбить естественный наслаждение ягода. Полевой видимо спорт естественный встать смеяться.",
      "is_solved": true,
      "creation_date": "2023-09-10T09:22:40.396Z",
      "updated_date": "2023-09-10T09:22:40.421Z",
      "tags": [
        10
      ]
    }
  },
  {
    "model": "forum.question",
    "pk": 30,
    "fields": {
      "user": 9,
      "title": "Сопровождаться нажать намерение стакан премьера рассуждение.\nСтолетие адвокат избегать мусор роскошный более бочок.",
      "content": "Степь прошептать адвокат. Около развитый равнодушный угроза один мимо число. Пропадать реклама палка рот мотоцикл спорт пространство. Дружно растеряться ребятишки ставить протягивать выбирать пропасть. Нож танцевать приятель.",
      "is_solved": true,
      "creation_date": "2023-09-10T09:22:40.428Z",
      "updated_date": "2023-09-10T09:22:40.459Z",
      "tags": [
        5,
        7,
        8,
        10
      ]
    }
  },
  {
    "model": "forum.question",
    "pk": 31,
    "fields": {
      "user": 2,
      "title": "Советовать иной голубчик. Результат уронить расстройство направо непривычный термин сынок подробность.\nБок тюрьма результат интернет налоговый видимо. Князь домашний упорно непривычный дальний.",
      "content": "Покинуть плод штаб смеяться полностью руководитель. Экзамен грудь заложить секунда социалистический фонарик. Прощение появление оборот сынок. Ставить нажать социалистический. Что народ радость торговля решетка выбирать.",
      "is_solved": true,
      "creation_date": "2023-09-10T09:22:40.467Z",
      "updated_date": "2023-09-10T09:22:40.485Z",
      "tags": [
        14
      ]
    }
  },
  {
    "model": "forum.question",
    "pk": 32,
    "fields": {
      "user": 20,
      "title": "Плавно рис подземный палата рабочий адвокат. Близко зачем поезд палец полюбить намерение отъезд.",
      "content": "Зеленый пропадать важный рис. Угол основание лапа. Забирать плод совет советовать самостоятельно конструкция. Необычный низкий угроза блин. Факультет естественный армейский правильный пища ярко освободить.",
      "is_solved": true,
      "creation_date": "2023-09-10T09:22:40.489Z",
      "updated_date": "2023-09-10T09:22:40.515Z",
      "tags": [
        2,
        6,
        11,
        15
      ]
    }
  },
  {
    "model": "forum.question",
    "pk": 33,
    "fields": {
      "user": 15,
      "title": "Призыв скользить прощение пространство кольцо собеседник полевой. Покидать неожиданный дружно волк ложиться изображать наслаждение. Природа сравнение банк потянуться появление жидкий заработать.",
      "content": "Свежий устройство возбуждение манера. Наслаждение намерение отъезд даль хозяйка миг. Носок жить забирать зеленый. Кидать бригада ученый сравнение устройство мера дремать остановить. Академик палка господь мелочь.",
      "is_solved": true,
      "creation_date": "2023-09-10T09:22:40.522Z",
      "updated_date": "2023-09-10T09:22:40.546Z",
      "tags": [
        13,
        11
      ]
    }
  },
  {
    "model": "forum.question",
    "pk": 34,
    "fields": {
      "user": 9,
      "title": "Назначить болото предоставить радость. Дьявол человечек миг чем багровый поговорить князь.",
      "content": "Отметить художественный задрать построить возникновение. Ломать правый невыносимый сынок задрать адвокат невозможно. Умолять лиловый тысяча. Бок промолчать успокоиться куча. Приходить четыре при исполнять. Песня выраженный космос рота.",
      "is_solved": false,
      "creation_date": "2023-09-10T09:22:40.552Z",
      "updated_date": "2023-09-10T09:22:40.575Z",
      "tags": [
        13
      ]
    }
  },
  {
    "model": "forum.question",
    "pk": 35,
    "fields": {
      "user": 17,
      "title": "Ответить смеяться грустный решение поезд иной миллиард. Монета отражение рот запустить космос освобождение светило. Печатать райком помимо бегать необычный.",
      "content": "Оставить аллея изображать бок горький другой. Посвятить близко болото военный сынок зато. Зато чем банда сынок банда командование вряд. Металл вообще порт забирать.",
      "is_solved": true,
      "creation_date": "2023-09-10T09:22:40.580Z",
      "updated_date": "2023-09-10T09:22:40.604Z",
      "tags": [
        1,
        5,
        10,
        14
      ]
    }
  },
  {
    "model": "forum.question",
    "pk": 36,
    "fields": {
      "user": 4,
      "title": "Спорт плясать термин разнообразный.\nЛожиться потрясти крутой один бровь ярко. Космос интеллектуальный основание рабочий.",
      "content": "Сравнение падаль бок посвятить. Чем командование интеллектуальный светило выбирать роскошный более. Плавно ремень палец голубчик изображать решение. Сверкающий желание покидать добиться ныне прежде мальчишка. Славный выразить штаб плод подземный ленинград.",
      "is_solved": true,
      "creation_date": "2023-09-10T09:22:40.610Z",
      "updated_date": "2023-09-10T09:22:40.641Z",
      "tags": [
        12,
        2,
        10,
        5
      ]
    }
  },
  {
    "model": "forum.question",
    "pk": 37,
    "fields": {
      "user": 6,
      "title": "Триста совещание армейский. Металл встать способ мусор услать поезд. Приходить какой помимо гулять.",
      "content": "Изучить строительство мягкий каюта штаб спичка. Коллектив разуметься порядок правильный голубчик пол. Дружно другой заработать картинка пропадать монета. Академик спалить вытаскивать полностью тута пространство. Прощение да упорно деньги полевой. Пастух степь армейский тута.",
      "is_solved": true,
      "creation_date": "2023-09-10T09:22:40.651Z",
      "updated_date": "2023-09-10T09:22:40.681Z",
      "tags": [
        7,
        8,
        11
      ]
    }
  },
  {
    "model": "forum.question",
    "pk": 38,
    "fields": {
      "user": 7,
      "title": "Мелькнуть армейский даль руководитель ученый неправда команда. Выбирать сохранять мягкий тусклый полевой какой направо затянуться.",
      "content": "Металл легко встать выгнать. Чувство плясать чем ягода мелочь карман. Висеть серьезный решение горький. Полевой горький пастух степь. Изображать социалистический разнообразный необычный шлем хлеб адвокат слать. Применяться протягивать социалистический оставить направо солнце. Сбросить космос неожиданно дрогнуть возбуждение. Плод грустный изучить.",
      "is_solved": true,
      "creation_date": "2023-09-10T09:22:40.688Z",
      "updated_date": "2023-09-10T09:22:40.706Z",
      "tags": [
        15
      ]
    }
  },
  {
    "model": "forum.question",
    "pk": 39,
    "fields": {
      "user": 16,
      "title": "Кольцо слишком спасть спасть монета. Советовать посидеть эффект манера заработать запеть роскошный оборот.",
      "content": "Эпоха голубчик передо поймать подробность. Выбирать точно около. Сопровождаться достоинство палка протягивать промолчать уничтожение конференция. Покидать дремать головка функция магазин пробовать сынок. Пересечь сустав неожиданно дрогнуть угол.",
      "is_solved": true,
      "creation_date": "2023-09-10T09:22:40.711Z",
      "updated_date": "2023-09-10T09:22:40.746Z",
      "tags": [
        10,
        11,
        8,
        13,
        12
      ]
    }
  },
  {
    "model": "forum.question",
    "pk": 40,
    "fields": {
      "user": 12,
      "title": "Понятный манера умолять мелочь хотеть. Успокоиться около тесно забирать академик. Картинка означать неправда.",
      "content": "Естественный провал социалистический наступать спалить доставать бабочка. Налево проход выражение товар уронить выражение. Конференция зарплата роса банк указанный зарплата эффект. Мимо сутки доставать демократия правление народ. Кузнец художественный тесно. Термин изменение наслаждение приятель каюта войти означать. Достоинство школьный плавно картинка слишком передо.",
      "is_solved": false,
      "creation_date": "2023-09-10T09:22:40.763Z",
      "updated_date": "2023-09-10T09:22:40.785Z",
      "tags": [
        4,
        8
      ]
    }
  },
  {
    "model": "forum.question",
    "pk": 41,
    "fields": {
      "user": 9,
      "title": "Советовать решетка сутки ночь. Нервно собеседник заведение нервно вариант направо. Вообще горький налоговый возможно написать число серьезный.",
      "content": "Бак опасность растеряться конструкция торопливый лететь вряд. Господь инструкция видимо даль растеряться столетие. Головной падать разуметься четыре цепочка. Возмутиться через приходить лететь интернет медицина полоска. Научить исследование радость плод.",
      "is_solved": true,
      "creation_date": "2023-09-10T09:22:40.795Z",
      "updated_date": "2023-09-10T09:22:40.827Z",
      "tags": [
        6,
        11,
        3,
        9,
        2
      ]
    }
  },
  {
    "model": "forum.question",
    "pk": 42,
    "fields": {
      "user": 15,
      "title": "Аллея адвокат лететь командующий. Помолчать строительство прежний близко. Полюбить солнце решетка исполнять материя точно невозможно.",
      "content": "Полевой радость дурацкий картинка правление отметить хозяйка. Тута прежний куча природа неожиданно нож услать. Дремать пространство триста исполнять. Войти ботинок вывести очко палата. Мучительно рота настать райком лапа прошептать развитый. Освобождение исследование успокоиться славный поезд степь висеть. Князь человечек кожа бегать за госпожа точно дьявол. Плод человечек постоянный лиловый полностью изменение болото.",
      "is_solved": true,
      "creation_date": "2023-09-10T09:22:40.835Z",
      "updated_date": "2023-09-10T09:22:40.870Z",
      "tags": [
        14,
        2,
        12,
        15,
        9
      ]
    }
  },
  {
    "model": "forum.question",
    "pk": 43,
    "fields": {
      "user": 14,
      "title": "Угроза оставить мальчишка премьера недостаток что рот. Крутой упор место радость приходить миг торговля. Вздрогнуть сомнительный тысяча лететь коробка запретить опасность.",
      "content": "Постоянный бабочка столетие трясти указанный ручей порядок совещание. Проход разнообразный ведь дрогнуть сверкающий призыв. Спалить житель оборот пропасть карман приличный подробность. Лететь пол спичка сомнительный выбирать еврейский. Ремень снимать зима факультет доставать пропасть слишком. Вскинуть интеллектуальный заведение кидать плавно. Пространство сопровождаться труп отметить. Аж коммунизм тревога сынок издали.",
      "is_solved": false,
      "creation_date": "2023-09-10T09:22:40.877Z",
      "updated_date": "2023-09-10T09:22:40.899Z",
      "tags": [
        9
      ]
    }
  },
  {
    "model": "forum.question",
    "pk": 44,
    "fields": {
      "user": 2,
      "title": "Невыносимый упорно способ торопливый освобождение. Покинуть деньги слишком. Естественный мягкий поезд развитый поговорить появление за.",
      "content": "Приятель рабочий помимо при рабочий голубчик. Головка степь торопливый художественный дремать какой миф спешить. Школьный песня решение девка. Командир триста нож. Штаб беспомощный очко да пропадать монета.",
      "is_solved": false,
      "creation_date": "2023-09-10T09:22:40.903Z",
      "updated_date": "2023-09-10T09:22:40.929Z",
      "tags": [
        6,
        13,
        1,
        3,
        14
      ]
    }
  },
  {
    "model": "forum.question",
    "pk": 45,
    "fields": {
      "user": 18,
      "title": "Спалить князь наслаждение сынок товар рот. Цвет вперед прощение угодный услать академик. Уронить равнодушный социалистический холодно бригада налево возбуждение. Инфекция растеряться устройство.",
      "content": "Означать провинция спичка мимо ложиться сутки лиловый. Горький слишком левый мрачно порядок ремень. Прежний намерение сомнительный недостаток находить выкинуть очутиться витрина. Деловой назначить райком жить. Намерение выгнать рот сомнительный. Ботинок господь запретить рот приятель. Сутки табак ложиться труп рис число. Вытаскивать помимо сравнение райком правый некоторый угроза.",
      "is_solved": false,
      "creation_date": "2023-09-10T09:22:40.936Z",
      "updated_date": "2023-09-10T09:22:40.964Z",
      "tags": [
        2,
        10,
        15
      ]
    }
  },
  {
    "model": "forum.question",
    "pk": 46,
    "fields": {
      "user": 1,
      "title": "Покинуть затянуться теория издали дальний. Песня магазин сохранять остановить порядок степь. Пересечь слишком природа встать подземный развернуться терапия.",
      "content": "Степь наслаждение выражаться материя палка. Правильный актриса командование деловой космос что. Торговля разнообразный мусор нажать радость рот кожа приятель. Некоторый бегать упор. Художественный уточнить эффект конструкция выражаться. А господь медицина. Построить крыса сопровождаться самостоятельно поговорить предоставить.",
      "is_solved": true,
      "creation_date": "2023-09-10T09:22:40.969Z",
      "updated_date": "2023-09-10T09:22:40.996Z",
      "tags": [
        5,
        2,
        6,
        1,
        4
      ]
    }
  },
  {
    "model": "forum.question",
    "pk": 47,
    "fields": {
      "user": 18,
      "title": "Да покидать поймать. Монета уточнить зима потом.\nОтдел вряд ход полюбить фонарик сопровождаться солнце. Дошлый район рассуждение успокоиться июнь. Холодно войти страсть вперед кольцо затянуться.",
      "content": "Домашний сохранять встать что. Четыре правый вздрагивать. Освободить дыхание виднеться художественный. Парень жестокий пространство лапа житель болото пасть. Бак неожиданный школьный покидать правый выраженный. Тяжелый пространство головка господь неправда. Салон банк очередной смертельный пол полюбить ход. Левый функция пространство около.",
      "is_solved": false,
      "creation_date": "2023-09-10T09:22:41.003Z",
      "updated_date": "2023-09-10T09:22:41.034Z",
      "tags": [
        5,
        6,
        14
      ]
    }
  },
  {
    "model": "forum.question",
    "pk": 48,
    "fields": {
      "user": 5,
      "title": "Слишком возбуждение функция бетонный правильный слишком. Голубчик близко спичка поздравлять потрясти остановить. Выражение выгнать написать порода степь.",
      "content": "Ягода миг лапа космос. Факультет эффект сутки солнце счастье степь демократия. Анализ спешить бригада мрачно настать совещание. Тесно ручей монета выдержать одиннадцать. Инфекция процесс беспомощный выражаться еврейский угол. Возникновение дорогой госпожа ложиться находить полевой. Четко естественный волк волк нож космос. Костер помолчать строительство мотоцикл. Сходить направо тысяча дурацкий изображать запретить.",
      "is_solved": true,
      "creation_date": "2023-09-10T09:22:41.040Z",
      "updated_date": "2023-09-10T09:22:41.067Z",
      "tags": [
        5,
        7,
        10,
        12,
        15
      ]
    }
  },
  {
    "model": "forum.question",
    "pk": 49,
    "fields": {
      "user": 5,
      "title": "Горький приятель белье наслаждение скрытый. Аллея второй кпсс. Результат палец задержать спорт подземный.",
      "content": "Июнь упор отъезд инфекция. Горький издали прощение выдержать полюбить инфекция. Юный отметить отдел какой роса. Слишком июнь бабочка единый бочок. Близко зарплата сопровождаться какой. Дьявол порог пропасть опасность страсть школьный. Упор идея факультет предоставить. Вариант еврейский грудь обида идея применяться.",
      "is_solved": true,
      "creation_date": "2023-09-10T09:22:41.075Z",
      "updated_date": "2023-09-10T09:22:41.109Z",
      "tags": [
        14,
        9,
        5,
        10
      ]
    }
  },
  {
    "model": "forum.question",
    "pk": 50,
    "fields": {
      "user": 11,
      "title": "Реклама бак магазин доставать возбуждение слишком прелесть. Выразить хозяйка выражение инфекция иной налоговый бегать приятель.\nМонета миф дурацкий поздравлять проход. Недостаток похороны войти.",
      "content": "Невозможно бетонный ученый сбросить возникновение перебивать. Конструкция социалистический виднеться порт. Самостоятельно мотоцикл направо порядок экзамен. Блин песня пространство коричневый соответствие. Коллектив неожиданно художественный природа беспомощный. Решение функция армейский. Точно плод жить правильный.",
      "is_solved": true,
      "creation_date": "2023-09-10T09:22:41.117Z",
      "updated_date": "2023-09-10T09:22:41.147Z",
      "tags": [
        15,
        8,
        6
      ]
    }
  },
  {
    "model": "forum.questionimages",
    "pk": 1,
    "fields": {
      "image": "человечек.jpeg",
      "alt_text": null,
      "parent": 1
    }
  },
  {
    "model": "forum.questionimages",
    "pk": 2,
    "fields": {
      "image": "мучительно.jpeg",
      "alt_text": null,
      "parent": 3
    }
  },
  {
    "model": "forum.questionimages",
    "pk": 3,
    "fields": {
      "image": "девка.jpeg",
      "alt_text": null,
      "parent": 4
    }
  },
  {
    "model": "forum.questionimages",
    "pk": 4,
    "fields": {
      "image": "труп.jpeg",
      "alt_text": null,
      "parent": 4
    }
  },
  {
    "model": "forum.questionimages",
    "pk": 5,
    "fields": {
      "image": "торопливый.jpeg",
      "alt_text": null,
      "parent": 4
    }
  },
  {
    "model": "forum.questionimages",
    "pk": 6,
    "fields": {
      "image": "социалистический.jpeg",
      "alt_text": null,
      "parent": 5
    }
  },
  {
    "model": "forum.questionimages",
    "pk": 7,
    "fields": {
      "image": "возмутиться.jpeg",
      "alt_text": null,
      "parent": 6
    }
  },
  {
    "model": "forum.questionimages",
    "pk": 8,
    "fields": {
      "image": "манера.jpeg",
      "alt_text": null,
      "parent": 6
    }
  },
  {
    "model": "forum.questionimages",
    "pk": 9,
    "fields": {
      "image": "соответствие.jpeg",
      "alt_text": null,
      "parent": 7
    }
  },
  {
    "model": "forum.questionimages",
    "pk": 10,
    "fields": {
      "image": "плод.jpeg",
      "alt_text": null,
      "parent": 7
    }
  },
  {
    "model": "forum.questionimages",
    "pk": 11,
    "fields": {
      "image": "достоинство.jpeg",
      "alt_text": null,
      "parent": 8
    }
  },
  {
    "model": "forum.questionimages",
    "pk": 12,
    "fields": {
      "image": "неправда.jpeg",
      "alt_text": null,
      "parent": 8
    }
  },
  {
    "model": "forum.questionimages",
    "pk": 13,
    "fields": {
      "image": "намерение.jpeg",
      "alt_text": null,
      "parent": 10
    }
  },
  {
    "model": "forum.questionimages",
    "pk": 14,
    "fields": {
      "image": "мрачно.jpeg",
      "alt_text": null,
      "parent": 10
    }
  },
  {
    "model": "forum.questionimages",
    "pk": 15,
    "fields": {
      "image": "банда.jpeg",
      "alt_text": null,
      "parent": 11
    }
  },
  {
    "model": "forum.questionimages",
    "pk": 16,
    "fields": {
      "image": "банк.jpeg",
      "alt_text": null,
      "parent": 12
    }
  },
  {
    "model": "forum.questionimages",
    "pk": 17,
    "fields": {
      "image": "поезд.jpeg",
      "alt_text": null,
      "parent": 12
    }
  },
  {
    "model": "forum.questionimages",
    "pk": 18,
    "fields": {
      "image": "дьявол.jpeg",
      "alt_text": null,
      "parent": 12
    }
  },
  {
    "model": "forum.questionimages",
    "pk": 19,
    "fields": {
      "image": "невозможно.jpeg",
      "alt_text": null,
      "parent": 13
    }
  },
  {
    "model": "forum.questionimages",
    "pk": 20,
    "fields": {
      "image": "а.jpeg",
      "alt_text": null,
      "parent": 13
    }
  },
  {
    "model": "forum.questionimages",
    "pk": 21,
    "fields": {
      "image": "кожа.jpeg",
      "alt_text": null,
      "parent": 14
    }
  },
  {
    "model": "forum.questionimages",
    "pk": 22,
    "fields": {
      "image": "эффект.jpeg",
      "alt_text": null,
      "parent": 14
    }
  },
  {
    "model": "forum.questionimages",
    "pk": 23,
    "fields": {
      "image": "жидкий.jpeg",
      "alt_text": null,
      "parent": 15
    }
  },
  {
    "model": "forum.questionimages",
    "pk": 24,
    "fields": {
      "image": "отъезд.jpeg",
      "alt_text": null,
      "parent": 15
    }
  },
  {
    "model": "forum.questionimages",
    "pk": 25,
    "fields": {
      "image": "тута.jpeg",
      "alt_text": null,
      "parent": 15
    }
  },
  {
    "model": "forum.questionimages",
    "pk": 26,
    "fields": {
      "image": "разнообразный.jpeg",
      "alt_text": null,
      "parent": 17
    }
  },
  {
    "model": "forum.questionimages",
    "pk": 27,
    "fields": {
      "image": "фонарик.jpeg",
      "alt_text": null,
      "parent": 18
    }
  },
  {
    "model": "forum.questionimages",
    "pk": 28,
    "fields": {
      "image": "основание.jpeg",
      "alt_text": null,
      "parent": 19
    }
  },
  {
    "model": "forum.questionimages",
    "pk": 29,
    "fields": {
      "image": "изображать.jpeg",
      "alt_text": null,
      "parent": 21
    }
  },
  {
    "model": "forum.questionimages",
    "pk": 30,
    "fields": {
      "image": "пространство.jpeg",
      "alt_text": null,
      "parent": 22
    }
  },
  {
    "model": "forum.questionimages",
    "pk": 31,
    "fields": {
      "image": "металл.jpeg",
      "alt_text": null,
      "parent": 22
    }
  },
  {
    "model": "forum.questionimages",
    "pk": 32,
    "fields": {
      "image": "волк.jpeg",
      "alt_text": null,
      "parent": 23
    }
  },
  {
    "model": "forum.questionimages",
    "pk": 33,
    "fields": {
      "image": "желание.jpeg",
      "alt_text": null,
      "parent": 23
    }
  },
  {
    "model": "forum.questionimages",
    "pk": 34,
    "fields": {
      "image": "засунуть.jpeg",
      "alt_text": null,
      "parent": 23
    }
  },
  {
    "model": "forum.questionimages",
    "pk": 35,
    "fields": {
      "image": "неудобно.jpeg",
      "alt_text": null,
      "parent": 24
    }
  },
  {
    "model": "forum.questionimages",
    "pk": 36,
    "fields": {
      "image": "передо.jpeg",
      "alt_text": null,
      "parent": 25
    }
  },
  {
    "model": "forum.questionimages",
    "pk": 37,
    "fields": {
      "image": "эпоха.jpeg",
      "alt_text": null,
      "parent": 25
    }
  },
  {
    "model": "forum.questionimages",
    "pk": 38,
    "fields": {
      "image": "парень.jpeg",
      "alt_text": null,
      "parent": 26
    }
  },
  {
    "model": "forum.questionimages",
    "pk": 39,
    "fields": {
      "image": "указанный.jpeg",
      "alt_text": null,
      "parent": 27
    }
  },
  {
    "model": "forum.questionimages",
    "pk": 40,
    "fields": {
      "image": "поколение.jpeg",
      "alt_text": null,
      "parent": 28
    }
  },
  {
    "model": "forum.questionimages",
    "pk": 41,
    "fields": {
      "image": "лиловый.jpeg",
      "alt_text": null,
      "parent": 28
    }
  },
  {
    "model": "forum.questionimages",
    "pk": 42,
    "fields": {
      "image": "товар.jpeg",
      "alt_text": null,
      "parent": 29
    }
  },
  {
    "model": "forum.questionimages",
    "pk": 43,
    "fields": {
      "image": "товар.jpeg",
      "alt_text": null,
      "parent": 29
    }
  },
  {
    "model": "forum.questionimages",
    "pk": 44,
    "fields": {
      "image": "разуметься.jpeg",
      "alt_text": null,
      "parent": 30
    }
  },
  {
    "model": "forum.questionimages",
    "pk": 45,
    "fields": {
      "image": "через.jpeg",
      "alt_text": null,
      "parent": 30
    }
  },
  {
    "model": "forum.questionimages",
    "pk": 46,
    "fields": {
      "image": "чувство.jpeg",
      "alt_text": null,
      "parent": 30
    }
  },
  {
    "model": "forum.questionimages",
    "pk": 47,
    "fields": {
      "image": "райком.jpeg",
      "alt_text": null,
      "parent": 32
    }
  },
  {
    "model": "forum.questionimages",
    "pk": 48,
    "fields": {
      "image": "рот.jpeg",
      "alt_text": null,
      "parent": 33
    }
  },
  {
    "model": "forum.questionimages",
    "pk": 49,
    "fields": {
      "image": "тревога.jpeg",
      "alt_text": null,
      "parent": 33
    }
  },
  {
    "model": "forum.questionimages",
    "pk": 50,
    "fields": {
      "image": "да.jpeg",
      "alt_text": null,
      "parent": 33
    }
  },
  {
    "model": "forum.questionimages",
    "pk": 51,
    "fields": {
      "image": "прошептать.jpeg",
      "alt_text": null,
      "parent": 34
    }
  },
  {
    "model": "forum.questionimages",
    "pk": 52,
    "fields": {
      "image": "хотеть.jpeg",
      "alt_text": null,
      "parent": 36
    }
  },
  {
    "model": "forum.questionimages",
    "pk": 53,
    "fields": {
      "image": "провинция.jpeg",
      "alt_text": null,
      "parent": 36
    }
  },
  {
    "model": "forum.questionimages",
    "pk": 54,
    "fields": {
      "image": "что.jpeg",
      "alt_text": null,
      "parent": 36
    }
  },
  {
    "model": "forum.questionimages",
    "pk": 55,
    "fields": {
      "image": "новый.jpeg",
      "alt_text": null,
      "parent": 37
    }
  },
  {
    "model": "forum.questionimages",
    "pk": 56,
    "fields": {
      "image": "картинка.jpeg",
      "alt_text": null,
      "parent": 37
    }
  },
  {
    "model": "forum.questionimages",
    "pk": 57,
    "fields": {
      "image": "висеть.jpeg",
      "alt_text": null,
      "parent": 37
    }
  },
  {
    "model": "forum.questionimages",
    "pk": 58,
    "fields": {
      "image": "уточнить.jpeg",
      "alt_text": null,
      "parent": 38
    }
  },
  {
    "model": "forum.questionimages",
    "pk": 59,
    "fields": {
      "image": "запустить.jpeg",
      "alt_text": null,
      "parent": 38
    }
  },
  {
    "model": "forum.questionimages",
    "pk": 60,
    "fields": {
      "image": "эпоха.jpeg",
      "alt_text": null,
      "parent": 39
    }
  },
  {
    "model": "forum.questionimages",
    "pk": 61,
    "fields": {
      "image": "ход.jpeg",
      "alt_text": null,
      "parent": 39
    }
  },
  {
    "model": "forum.questionimages",
    "pk": 62,
    "fields": {
      "image": "плавно.jpeg",
      "alt_text": null,
      "parent": 40
    }
  },
  {
    "model": "forum.questionimages",
    "pk": 63,
    "fields": {
      "image": "желание.jpeg",
      "alt_text": null,
      "parent": 41
    }
  },
  {
    "model": "forum.questionimages",
    "pk": 64,
    "fields": {
      "image": "падаль.jpeg",
      "alt_text": null,
      "parent": 41
    }
  },
  {
    "model": "forum.questionimages",
    "pk": 65,
    "fields": {
      "image": "приходить.jpeg",
      "alt_text": null,
      "parent": 42
    }
  },
  {
    "model": "forum.questionimages",
    "pk": 66,
    "fields": {
      "image": "крутой.jpeg",
      "alt_text": null,
      "parent": 42
    }
  },
  {
    "model": "forum.questionimages",
    "pk": 67,
    "fields": {
      "image": "прелесть.jpeg",
      "alt_text": null,
      "parent": 42
    }
  },
  {
    "model": "forum.questionimages",
    "pk": 68,
    "fields": {
      "image": "отражение.jpeg",
      "alt_text": null,
      "parent": 43
    }
  },
  {
    "model": "forum.questionimages",
    "pk": 69,
    "fields": {
      "image": "поставить.jpeg",
      "alt_text": null,
      "parent": 43
    }
  },
  {
    "model": "forum.questionimages",
    "pk": 70,
    "fields": {
      "image": "отъезд.jpeg",
      "alt_text": null,
      "parent": 45
    }
  },
  {
    "model": "forum.questionimages",
    "pk": 71,
    "fields": {
      "image": "актриса.jpeg",
      "alt_text": null,
      "parent": 45
    }
  },
  {
    "model": "forum.questionimages",
    "pk": 72,
    "fields": {
      "image": "даль.jpeg",
      "alt_text": null,
      "parent": 46
    }
  },
  {
    "model": "forum.questionimages",
    "pk": 73,
    "fields": {
      "image": "упор.jpeg",
      "alt_text": null,
      "parent": 46
    }
  },
  {
    "model": "forum.questionimages",
    "pk": 74,
    "fields": {
      "image": "степь.jpeg",
      "alt_text": null,
      "parent": 47
    }
  },
  {
    "model": "forum.questionimages",
    "pk": 75,
    "fields": {
      "image": "прежде.jpeg",
      "alt_text": null,
      "parent": 47
    }
  },
  {
    "model": "forum.questionimages",
    "pk": 76,
    "fields": {
      "image": "выразить.jpeg",
      "alt_text": null,
      "parent": 47
    }
  },
  {
    "model": "forum.questionimages",
    "pk": 77,
    "fields": {
      "image": "вариант.jpeg",
      "alt_text": null,
      "parent": 48
    }
  },
  {
    "model": "forum.questionimages",
    "pk": 78,
    "fields": {
      "image": "привлекать.jpeg",
      "alt_text": null,
      "parent": 48
    }
  },
  {
    "model": "forum.questionrating",
    "pk": 1,
    "fields": {
      "like_amount": 11,
      "dislike_amount": 3,
      "question": 1,
      "users_liked": [
        1,
        2,
        4,
        7,
        8,
        12,
        14,
        16,
        17,
        18,
        21
      ],
      "users_disliked": [
        9,
        19,
        5
      ]
    }
  },
  {
    "model": "forum.questionrating",
    "pk": 2,
    "fields": {
      "like_amount": 10,
      "dislike_amount": 4,
      "question": 2,
      "users_liked": [
        1,
        4,
        5,
        6,
        9,
        11,
        12,
        14,
        16,
        20
      ],
      "users_disliked": [
        21,
        19,
        13,
        7
      ]
    }
  },
  {
    "model": "forum.questionrating",
    "pk": 3,
    "fields": {
      "like_amount": 18,
      "dislike_amount": 3,
      "question": 3,
      "users_liked": [
        1,
        4,
        5,
        6,
        7,
        8,
        9,
        10,
        11,
        12,
        13,
        14,
        16,
        17,
        18,
        19,
        20,
        21
      ],
      "users_disliked": [
        2,
        3,
        15
      ]
    }
  },
  {
    "model": "forum.questionrating",
    "pk": 4,
    "fields": {
      "like_amount": 5,
      "dislike_amount": 9,
      "question": 4,
      "users_liked": [
        13,
        16,
        17,
        19,
        21
      ],
      "users_disliked": [
        1,
        5,
        7,
        9,
        10,
        12,
        14,
        15,
        18
      ]
    }
  },
  {
    "model": "forum.questionrating",
    "pk": 5,
    "fields": {
      "like_amount": 0,
      "dislike_amount": 19,
      "question": 5,
      "users_liked": [],
      "users_disliked": [
        1,
        2,
        3,
        4,
        5,
        7,
        8,
        10,
        11,
        12,
        13,
        14,
        15,
        16,
        17,
        18,
        19,
        20,
        21
      ]
    }
  },
  {
    "model": "forum.questionrating",
    "pk": 6,
    "fields": {
      "like_amount": 10,
      "dislike_amount": 4,
      "question": 6,
      "users_liked": [
        2,
        5,
        6,
        7,
        8,
        9,
        12,
        15,
        16,
        21
      ],
      "users_disliked": [
        3,
        10,
        11,
        20
      ]
    }
  },
  {
    "model": "forum.questionrating",
    "pk": 7,
    "fields": {
      "like_amount": 2,
      "dislike_amount": 7,
      "question": 7,
      "users_liked": [
        8,
        13
      ],
      "users_disliked": [
        3,
        5,
        11,
        14,
        16,
        17,
        19
      ]
    }
  },
  {
    "model": "forum.questionrating",
    "pk": 8,
    "fields": {
      "like_amount": 7,
      "dislike_amount": 8,
      "question": 8,
      "users_liked": [
        1,
        6,
        8,
        10,
        15,
        16,
        17
      ],
      "users_disliked": [
        2,
        3,
        4,
        9,
        14,
        18,
        19,
        20
      ]
    }
  },
  {
    "model": "forum.questionrating",
    "pk": 9,
    "fields": {
      "like_amount": 14,
      "dislike_amount": 1,
      "question": 9,
      "users_liked": [
        1,
        2,
        3,
        5,
        7,
        10,
        11,
        13,
        15,
        16,
        17,
        19,
        20,
        21
      ],
      "users_disliked": [
        6
      ]
    }
  },
  {
    "model": "forum.questionrating",
    "pk": 10,
    "fields": {
      "like_amount": 17,
      "dislike_amount": 4,
      "question": 10,
      "users_liked": [
        1,
        2,
        4,
        6,
        7,
        8,
        9,
        10,
        11,
        12,
        14,
        15,
        16,
        17,
        18,
        19,
        20
      ],
      "users_disliked": [
        3,
        5,
        13,
        21
      ]
    }
  },
  {
    "model": "forum.questionrating",
    "pk": 11,
    "fields": {
      "like_amount": 21,
      "dislike_amount": 0,
      "question": 11,
      "users_liked": [
        1,
        2,
        3,
        4,
        5,
        6,
        7,
        8,
        9,
        10,
        11,
        12,
        13,
        14,
        15,
        16,
        17,
        18,
        19,
        20,
        21
      ],
      "users_disliked": []
    }
  },
  {
    "model": "forum.questionrating",
    "pk": 12,
    "fields": {
      "like_amount": 21,
      "dislike_amount": 0,
      "question": 12,
      "users_liked": [
        1,
        2,
        3,
        4,
        5,
        6,
        7,
        8,
        9,
        10,
        11,
        12,
        13,
        14,
        15,
        16,
        17,
        18,
        19,
        20,
        21
      ],
      "users_disliked": []
    }
  },
  {
    "model": "forum.questionrating",
    "pk": 13,
    "fields": {
      "like_amount": 15,
      "dislike_amount": 1,
      "question": 13,
      "users_liked": [
        3,
        4,
        5,
        6,
        7,
        8,
        9,
        10,
        11,
        14,
        16,
        18,
        19,
        20,
        21
      ],
      "users_disliked": [
        2
      ]
    }
  },
  {
    "model": "forum.questionrating",
    "pk": 14,
    "fields": {
      "like_amount": 11,
      "dislike_amount": 0,
      "question": 14,
      "users_liked": [
        1,
        3,
        4,
        8,
        9,
        10,
        11,
        14,
        17,
        19,
        20
      ],
      "users_disliked": []
    }
  },
  {
    "model": "forum.questionrating",
    "pk": 15,
    "fields": {
      "like_amount": 9,
      "dislike_amount": 2,
      "question": 15,
      "users_liked": [
        2,
        4,
        5,
        6,
        8,
        10,
        16,
        18,
        19
      ],
      "users_disliked": [
        14,
        17
      ]
    }
  },
  {
    "model": "forum.questionrating",
    "pk": 16,
    "fields": {
      "like_amount": 0,
      "dislike_amount": 18,
      "question": 16,
      "users_liked": [],
      "users_disliked": [
        1,
        2,
        3,
        5,
        6,
        7,
        8,
        9,
        10,
        11,
        12,
        13,
        14,
        15,
        17,
        19,
        20,
        21
      ]
    }
  },
  {
    "model": "forum.questionrating",
    "pk": 17,
    "fields": {
      "like_amount": 19,
      "dislike_amount": 0,
      "question": 17,
      "users_liked": [
        1,
        2,
        3,
        4,
        5,
        6,
        7,
        8,
        9,
        10,
        11,
        12,
        13,
        15,
        17,
        18,
        19,
        20,
        21
      ],
      "users_disliked": []
    }
  },
  {
    "model": "forum.questionrating",
    "pk": 18,
    "fields": {
      "like_amount": 17,
      "dislike_amount": 4,
      "question": 18,
      "users_liked": [
        1,
        2,
        4,
        6,
        7,
        8,
        9,
        10,
        12,
        13,
        14,
        15,
        16,
        17,
        18,
        19,
        20
      ],
      "users_disliked": [
        11,
        21,
        3,
        5
      ]
    }
  },
  {
    "model": "forum.questionrating",
    "pk": 19,
    "fields": {
      "like_amount": 3,
      "dislike_amount": 11,
      "question": 19,
      "users_liked": [
        17,
        18,
        15
      ],
      "users_disliked": [
        6,
        7,
        8,
        11,
        12,
        13,
        14,
        16,
        19,
        20,
        21
      ]
    }
  },
  {
    "model": "forum.questionrating",
    "pk": 20,
    "fields": {
      "like_amount": 20,
      "dislike_amount": 0,
      "question": 20,
      "users_liked": [
        1,
        2,
        3,
        4,
        5,
        6,
        7,
        8,
        9,
        10,
        12,
        13,
        14,
        15,
        16,
        17,
        18,
        19,
        20,
        21
      ],
      "users_disliked": []
    }
  },
  {
    "model": "forum.questionrating",
    "pk": 21,
    "fields": {
      "like_amount": 2,
      "dislike_amount": 5,
      "question": 21,
      "users_liked": [
        14,
        7
      ],
      "users_disliked": [
        1,
        4,
        9,
        20,
        21
      ]
    }
  },
  {
    "model": "forum.questionrating",
    "pk": 22,
    "fields": {
      "like_amount": 9,
      "dislike_amount": 1,
      "question": 22,
      "users_liked": [
        6,
        7,
        8,
        11,
        12,
        15,
        16,
        17,
        19
      ],
      "users_disliked": [
        9
      ]
    }
  },
  {
    "model": "forum.questionrating",
    "pk": 23,
    "fields": {
      "like_amount": 13,
      "dislike_amount": 7,
      "question": 23,
      "users_liked": [
        1,
        2,
        4,
        5,
        6,
        7,
        9,
        10,
        12,
        13,
        16,
        19,
        21
      ],
      "users_disliked": [
        3,
        8,
        11,
        14,
        17,
        18,
        20
      ]
    }
  },
  {
    "model": "forum.questionrating",
    "pk": 24,
    "fields": {
      "like_amount": 8,
      "dislike_amount": 13,
      "question": 24,
      "users_liked": [
        7,
        8,
        14,
        15,
        16,
        17,
        19,
        21
      ],
      "users_disliked": [
        1,
        2,
        3,
        4,
        5,
        6,
        9,
        10,
        11,
        12,
        13,
        18,
        20
      ]
    }
  },
  {
    "model": "forum.questionrating",
    "pk": 25,
    "fields": {
      "like_amount": 3,
      "dislike_amount": 18,
      "question": 25,
      "users_liked": [
        4,
        6,
        15
      ],
      "users_disliked": [
        1,
        2,
        3,
        5,
        7,
        8,
        9,
        10,
        11,
        12,
        13,
        14,
        16,
        17,
        18,
        19,
        20,
        21
      ]
    }
  },
  {
    "model": "forum.questionrating",
    "pk": 26,
    "fields": {
      "like_amount": 14,
      "dislike_amount": 3,
      "question": 26,
      "users_liked": [
        1,
        3,
        4,
        7,
        8,
        9,
        11,
        12,
        13,
        15,
        17,
        18,
        19,
        20
      ],
      "users_disliked": [
        2,
        6,
        10
      ]
    }
  },
  {
    "model": "forum.questionrating",
    "pk": 27,
    "fields": {
      "like_amount": 7,
      "dislike_amount": 4,
      "question": 27,
      "users_liked": [
        3,
        4,
        5,
        6,
        9,
        11,
        16
      ],
      "users_disliked": [
        2,
        8,
        13,
        20
      ]
    }
  },
  {
    "model": "forum.questionrating",
    "pk": 28,
    "fields": {
      "like_amount": 5,
      "dislike_amount": 15,
      "question": 28,
      "users_liked": [
        8,
        10,
        16,
        17,
        19
      ],
      "users_disliked": [
        1,
        2,
        3,
        4,
        5,
        6,
        7,
        9,
        11,
        12,
        13,
        14,
        15,
        18,
        20
      ]
    }
  },
  {
    "model": "forum.questionrating",
    "pk": 29,
    "fields": {
      "like_amount": 14,
      "dislike_amount": 4,
      "question": 29,
      "users_liked": [
        2,
        3,
        5,
        6,
        10,
        11,
        12,
        14,
        15,
        17,
        18,
        19,
        20,
        21
      ],
      "users_disliked": [
        1,
        4,
        8,
        9
      ]
    }
  },
  {
    "model": "forum.questionrating",
    "pk": 30,
    "fields": {
      "like_amount": 14,
      "dislike_amount": 2,
      "question": 30,
      "users_liked": [
        3,
        4,
        5,
        6,
        8,
        9,
        10,
        11,
        15,
        16,
        17,
        18,
        19,
        21
      ],
      "users_disliked": [
        12,
        13
      ]
    }
  },
  {
    "model": "forum.questionrating",
    "pk": 31,
    "fields": {
      "like_amount": 6,
      "dislike_amount": 5,
      "question": 31,
      "users_liked": [
        6,
        9,
        12,
        14,
        19,
        20
      ],
      "users_disliked": [
        4,
        5,
        10,
        11,
        15
      ]
    }
  },
  {
    "model": "forum.questionrating",
    "pk": 32,
    "fields": {
      "like_amount": 18,
      "dislike_amount": 3,
      "question": 32,
      "users_liked": [
        1,
        2,
        3,
        4,
        5,
        6,
        7,
        8,
        9,
        10,
        11,
        13,
        14,
        15,
        16,
        17,
        18,
        20
      ],
      "users_disliked": [
        12,
        19,
        21
      ]
    }
  },
  {
    "model": "forum.questionrating",
    "pk": 33,
    "fields": {
      "like_amount": 0,
      "dislike_amount": 7,
      "question": 33,
      "users_liked": [],
      "users_disliked": [
        2,
        5,
        11,
        12,
        15,
        18,
        20
      ]
    }
  },
  {
    "model": "forum.questionrating",
    "pk": 34,
    "fields": {
      "like_amount": 19,
      "dislike_amount": 1,
      "question": 34,
      "users_liked": [
        2,
        3,
        4,
        6,
        7,
        8,
        9,
        10,
        11,
        12,
        13,
        14,
        15,
        16,
        17,
        18,
        19,
        20,
        21
      ],
      "users_disliked": [
        5
      ]
    }
  },
  {
    "model": "forum.questionrating",
    "pk": 35,
    "fields": {
      "like_amount": 16,
      "dislike_amount": 5,
      "question": 35,
      "users_liked": [
        2,
        3,
        4,
        6,
        7,
        11,
        12,
        13,
        14,
        15,
        16,
        17,
        18,
        19,
        20,
        21
      ],
      "users_disliked": [
        1,
        5,
        8,
        9,
        10
      ]
    }
  },
  {
    "model": "forum.questionrating",
    "pk": 36,
    "fields": {
      "like_amount": 11,
      "dislike_amount": 1,
      "question": 36,
      "users_liked": [
        1,
        5,
        8,
        9,
        11,
        12,
        13,
        15,
        16,
        17,
        21
      ],
      "users_disliked": [
        19
      ]
    }
  },
  {
    "model": "forum.questionrating",
    "pk": 37,
    "fields": {
      "like_amount": 17,
      "dislike_amount": 2,
      "question": 37,
      "users_liked": [
        1,
        3,
        4,
        6,
        7,
        8,
        9,
        10,
        11,
        13,
        14,
        15,
        16,
        18,
        19,
        20,
        21
      ],
      "users_disliked": [
        2,
        5
      ]
    }
  },
  {
    "model": "forum.questionrating",
    "pk": 38,
    "fields": {
      "like_amount": 0,
      "dislike_amount": 0,
      "question": 38,
      "users_liked": [],
      "users_disliked": []
    }
  },
  {
    "model": "forum.questionrating",
    "pk": 39,
    "fields": {
      "like_amount": 11,
      "dislike_amount": 7,
      "question": 39,
      "users_liked": [
        4,
        5,
        6,
        7,
        11,
        12,
        13,
        16,
        18,
        20,
        21
      ],
      "users_disliked": [
        1,
        3,
        8,
        10,
        14,
        15,
        17
      ]
    }
  },
  {
    "model": "forum.questionrating",
    "pk": 40,
    "fields": {
      "like_amount": 1,
      "dislike_amount": 3,
      "question": 40,
      "users_liked": [
        5
      ],
      "users_disliked": [
        10,
        11,
        20
      ]
    }
  },
  {
    "model": "forum.questionrating",
    "pk": 41,
    "fields": {
      "like_amount": 12,
      "dislike_amount": 7,
      "question": 41,
      "users_liked": [
        1,
        3,
        4,
        5,
        6,
        7,
        8,
        10,
        12,
        13,
        17,
        18
      ],
      "users_disliked": [
        2,
        11,
        14,
        16,
        19,
        20,
        21
      ]
    }
  },
  {
    "model": "forum.questionrating",
    "pk": 42,
    "fields": {
      "like_amount": 15,
      "dislike_amount": 4,
      "question": 42,
      "users_liked": [
        1,
        3,
        5,
        6,
        7,
        8,
        9,
        12,
        14,
        15,
        16,
        18,
        19,
        20,
        21
      ],
      "users_disliked": [
        2,
        11,
        4,
        13
      ]
    }
  },
  {
    "model": "forum.questionrating",
    "pk": 43,
    "fields": {
      "like_amount": 18,
      "dislike_amount": 0,
      "question": 43,
      "users_liked": [
        1,
        2,
        4,
        5,
        6,
        7,
        8,
        9,
        11,
        13,
        14,
        15,
        16,
        17,
        18,
        19,
        20,
        21
      ],
      "users_disliked": []
    }
  },
  {
    "model": "forum.questionrating",
    "pk": 44,
    "fields": {
      "like_amount": 19,
      "dislike_amount": 1,
      "question": 44,
      "users_liked": [
        1,
        2,
        3,
        4,
        5,
        6,
        7,
        8,
        9,
        11,
        12,
        13,
        15,
        16,
        17,
        18,
        19,
        20,
        21
      ],
      "users_disliked": [
        10
      ]
    }
  },
  {
    "model": "forum.questionrating",
    "pk": 45,
    "fields": {
      "like_amount": 10,
      "dislike_amount": 11,
      "question": 45,
      "users_liked": [
        4,
        5,
        7,
        8,
        10,
        12,
        14,
        16,
        18,
        19
      ],
      "users_disliked": [
        1,
        2,
        3,
        6,
        9,
        11,
        13,
        15,
        17,
        20,
        21
      ]
    }
  },
  {
    "model": "forum.questionrating",
    "pk": 46,
    "fields": {
      "like_amount": 16,
      "dislike_amount": 3,
      "question": 46,
      "users_liked": [
        1,
        4,
        6,
        7,
        8,
        9,
        10,
        11,
        13,
        14,
        15,
        16,
        17,
        18,
        19,
        21
      ],
      "users_disliked": [
        2,
        20,
        12
      ]
    }
  },
  {
    "model": "forum.questionrating",
    "pk": 47,
    "fields": {
      "like_amount": 2,
      "dislike_amount": 9,
      "question": 47,
      "users_liked": [
        18,
        12
      ],
      "users_disliked": [
        1,
        2,
        5,
        9,
        10,
        11,
        16,
        17,
        19
      ]
    }
  },
  {
    "model": "forum.questionrating",
    "pk": 48,
    "fields": {
      "like_amount": 16,
      "dislike_amount": 1,
      "question": 48,
      "users_liked": [
        1,
        3,
        5,
        6,
        8,
        9,
        10,
        11,
        12,
        14,
        15,
        17,
        18,
        19,
        20,
        21
      ],
      "users_disliked": [
        7
      ]
    }
  },
  {
    "model": "forum.questionrating",
    "pk": 49,
    "fields": {
      "like_amount": 14,
      "dislike_amount": 2,
      "question": 49,
      "users_liked": [
        1,
        2,
        3,
        5,
        6,
        7,
        9,
        10,
        11,
        12,
        15,
        16,
        17,
        19
      ],
      "users_disliked": [
        18,
        4
      ]
    }
  },
  {
    "model": "forum.questionrating",
    "pk": 50,
    "fields": {
      "like_amount": 7,
      "dislike_amount": 11,
      "question": 50,
      "users_liked": [
        2,
        4,
        8,
        9,
        15,
        16,
        18
      ],
      "users_disliked": [
        3,
        5,
        6,
        7,
        10,
        11,
        13,
        14,
        19,
        20,
        21
      ]
    }
  },
  {
    "model": "forum.questionanswer",
    "pk": 1,
    "fields": {
      "question": 3,
      "user": null,
      "answer": "Уронить дружно забирать. Командование стакан что страсть приятель белье возмутиться изба. Поздравлять посвятить правление. Мягкий присесть отдел желание растеряться песенка ведь настать. Редактор неожиданный изба витрина пропадать ручей лиловый. Миг недостаток банда человечек. Плод кольцо правый прощение плод. Грудь наслаждение песенка умолять прошептать бак. Некоторый счастье домашний услать успокоиться полюбить.",
      "is_solving": false,
      "creation_date": "2023-09-10T09:22:41.176Z",
      "updated_date": "2023-09-10T09:22:41.196Z"
    }
  },
  {
    "model": "forum.questionanswer",
    "pk": 2,
    "fields": {
      "question": 8,
      "user": 11,
      "answer": "Изучить потрясти передо неожиданно мальчишка. Спорт опасность страсть естественный выраженный хлеб металл. Ныне редактор очко район. Порода ведь сынок табак другой мимо бок господь. Какой назначить сынок. Очутиться пропаганда вытаскивать рис магазин рис рай мягкий.",
      "is_solving": false,
      "creation_date": "2023-09-10T09:22:41.199Z",
      "updated_date": "2023-09-10T09:22:41.214Z"
    }
  },
  {
    "model": "forum.questionanswer",
    "pk": 3,
    "fields": {
      "question": 10,
      "user": 10,
      "answer": "Вздрогнуть дальний фонарик цель. Спичка призыв функция сустав волк. Запустить цель о оставить выраженный цвет засунуть. Естественный спешить столетие. Означать кожа бегать о чем. Вывести зима отметить сустав постоянный. Сопровождаться кузнец исследование функция.",
      "is_solving": false,
      "creation_date": "2023-09-10T09:22:41.216Z",
      "updated_date": "2023-09-10T09:22:41.232Z"
    }
  },
  {
    "model": "forum.questionanswer",
    "pk": 4,
    "fields": {
      "question": 14,
      "user": null,
      "answer": "Избегать космос выражение трясти смелый свежий ремень. Одиннадцать уронить командование идея развернуться возбуждение. Коллектив мелочь инструкция демократия зеленый приличный успокоиться правильный. Горький мгновение покидать экзамен правление. Вскинуть аж избегать. Через успокоиться природа выражение райком изучить пропасть. Уничтожение триста рот факультет поздравлять секунда армейский. Запеть приятель собеседник горький.",
      "is_solving": false,
      "creation_date": "2023-09-10T09:22:41.235Z",
      "updated_date": "2023-09-10T09:22:41.249Z"
    }
  },
  {
    "model": "forum.questionanswer",
    "pk": 5,
    "fields": {
      "question": 16,
      "user": null,
      "answer": "Процесс валюта вытаскивать господь сустав. Кольцо сравнение возмутиться торопливый. Затянуться тысяча торопливый карандаш передо правление мягкий. Правление сравнение витрина нажать ремень возможно.",
      "is_solving": false,
      "creation_date": "2023-09-10T09:22:41.252Z",
      "updated_date": "2023-09-10T09:22:41.269Z"
    }
  },
  {
    "model": "forum.questionanswer",
    "pk": 6,
    "fields": {
      "question": 17,
      "user": 9,
      "answer": "Угодный угодный материя растеряться порода очутиться. Цепочка сходить разуметься штаб ныне при. Еврейский место термин табак даль появление появление прощение. Изучить сверкать спешить спичка. Настать ответить плод. Покидать исследование заплакать ребятишки заявление металл строительство отъезд.",
      "is_solving": false,
      "creation_date": "2023-09-10T09:22:41.271Z",
      "updated_date": "2023-09-10T09:22:41.284Z"
    }
  },
  {
    "model": "forum.questionanswer",
    "pk": 7,
    "fields": {
      "question": 21,
      "user": null,
      "answer": "Миф вздрагивать пятеро прежде жить присесть дошлый. Прежний что желание а пятеро солнце. Дорогой низкий аллея кидать. Головной нервно промолчать торговля издали. Очутиться райком висеть.",
      "is_solving": false,
      "creation_date": "2023-09-10T09:22:41.287Z",
      "updated_date": "2023-09-10T09:22:41.299Z"
    }
  },
  {
    "model": "forum.questionanswer",
    "pk": 8,
    "fields": {
      "question": 27,
      "user": null,
      "answer": "Армейский мягкий народ мягкий тяжелый разуметься. Порт войти самостоятельно исследование. Кожа встать темнеть еврейский. Провинция скользить тюрьма тесно понятный. Светило смелый одиннадцать покидать салон. Очутиться район полоска коммунизм термин сынок.",
      "is_solving": false,
      "creation_date": "2023-09-10T09:22:41.302Z",
      "updated_date": "2023-09-10T09:22:41.315Z"
    }
  },
  {
    "model": "forum.questionanswer",
    "pk": 9,
    "fields": {
      "question": 22,
      "user": 10,
      "answer": "Команда уронить нервно прежде художественный команда пересечь. Мелочь деньги направо лиловый лиловый. Жить манера дальний юный армейский карандаш. Увеличиваться ребятишки дыхание ложиться. Армейский направо равнодушный отдел пропаганда засунуть. Фонарик вскинуть находить развернуться правый руководитель угроза. Чувство теория бровь забирать выразить мусор кольцо.",
      "is_solving": false,
      "creation_date": "2023-09-10T09:22:41.317Z",
      "updated_date": "2023-09-10T09:22:41.333Z"
    }
  },
  {
    "model": "forum.questionanswer",
    "pk": 10,
    "fields": {
      "question": 23,
      "user": null,
      "answer": "Руководитель достоинство сынок запретить. Славный терапия посвятить ленинград холодно. Термин сбросить художественный. Кольцо миллиард построить сустав очутиться следовательно. Вздрагивать армейский зеленый приличный скрытый тюрьма. Опасность научить пасть терапия салон.",
      "is_solving": false,
      "creation_date": "2023-09-10T09:22:41.335Z",
      "updated_date": "2023-09-10T09:22:41.348Z"
    }
  },
  {
    "model": "forum.questionanswer",
    "pk": 11,
    "fields": {
      "question": 25,
      "user": null,
      "answer": "Основание издали достоинство. Около призыв невыносимый район ягода лететь приходить. Заплакать полевой совет горький услать призыв. Налево кпсс вряд очередной совет витрина рай.",
      "is_solving": false,
      "creation_date": "2023-09-10T09:22:41.351Z",
      "updated_date": "2023-09-10T09:22:41.362Z"
    }
  },
  {
    "model": "forum.questionanswer",
    "pk": 12,
    "fields": {
      "question": 26,
      "user": 15,
      "answer": "Командующий лететь промолчать. Дурацкий уточнить настать выраженный дальний неправда экзамен полюбить. Степь спорт тесно отметить заведение сутки. Плод миф премьера. Да металл пропаганда. Четыре издали цвет посвятить заложить. Поговорить стакан боец упор бригада. Голубчик покинуть природа желание головка.",
      "is_solving": false,
      "creation_date": "2023-09-10T09:22:41.365Z",
      "updated_date": "2023-09-10T09:22:41.380Z"
    }
  },
  {
    "model": "forum.questionanswer",
    "pk": 13,
    "fields": {
      "question": 32,
      "user": null,
      "answer": "Дружно тревога вперед команда. Умирать присесть зеленый. Выражаться изба сбросить. Поезд коллектив болото теория пламя господь. Мера зеленый плод освобождение выдержать палец.",
      "is_solving": false,
      "creation_date": "2023-09-10T09:22:41.383Z",
      "updated_date": "2023-09-10T09:22:41.392Z"
    }
  },
  {
    "model": "forum.questionanswer",
    "pk": 14,
    "fields": {
      "question": 33,
      "user": null,
      "answer": "Карандаш дружно мотоцикл выразить исполнять. Налоговый освободить художественный строительство художественный. Избегать терапия нервно написать разуметься художественный песенка. Невозможно бровь собеседник серьезный пропадать плод избегать оставить.",
      "is_solving": false,
      "creation_date": "2023-09-10T09:22:41.394Z",
      "updated_date": "2023-09-10T09:22:41.404Z"
    }
  },
  {
    "model": "forum.questionanswer",
    "pk": 15,
    "fields": {
      "question": 34,
      "user": null,
      "answer": "Смеяться картинка правый конференция. Заложить болото уточнить совет. Угроза мелочь монета секунда нервно. Дорогой да факультет вывести парень. Более роса мягкий находить сынок выражение. Грудь вздрогнуть прежде светило. Развитый проход второй изредка витрина юный. Спорт армейский школьный невыносимый цепочка провал.",
      "is_solving": false,
      "creation_date": "2023-09-10T09:22:41.406Z",
      "updated_date": "2023-09-10T09:22:41.418Z"
    }
  },
  {
    "model": "forum.questionanswer",
    "pk": 16,
    "fields": {
      "question": 35,
      "user": null,
      "answer": "Военный тысяча коричневый очко господь. Бочок порог запеть свежий умолять палка. Бак команда сравнение покидать. Танцевать зима чем лететь равнодушный исполнять. Необычный рассуждение юный порт второй витрина. Возможно очередной термин дыхание факультет художественный. Призыв зачем грудь означать еврейский увеличиваться. Поезд степь гулять граница набор счастье отъезд.",
      "is_solving": false,
      "creation_date": "2023-09-10T09:22:41.421Z",
      "updated_date": "2023-09-10T09:22:41.431Z"
    }
  },
  {
    "model": "forum.questionanswer",
    "pk": 17,
    "fields": {
      "question": 36,
      "user": null,
      "answer": "Исполнять выражаться зачем иной выгнать лиловый господь. Витрина потрясти каюта космос сутки ягода кольцо. Исследование зарплата рота холодно песня. Ребятишки спичка вперед медицина указанный.",
      "is_solving": false,
      "creation_date": "2023-09-10T09:22:41.433Z",
      "updated_date": "2023-09-10T09:22:41.445Z"
    }
  },
  {
    "model": "forum.questionanswer",
    "pk": 18,
    "fields": {
      "question": 38,
      "user": 1,
      "answer": "Спорт трясти витрина выгнать. Дыхание ребятишки при художественный увеличиваться. Смертельный изучить налево инфекция палка горький появление вскакивать. Предоставить спасть да термин советовать мотоцикл степь вытаскивать. Лететь ложиться шлем какой.",
      "is_solving": false,
      "creation_date": "2023-09-10T09:22:41.448Z",
      "updated_date": "2023-09-10T09:22:41.462Z"
    }
  },
  {
    "model": "forum.questionanswer",
    "pk": 19,
    "fields": {
      "question": 42,
      "user": null,
      "answer": "Мотоцикл выражение запустить рис ночь. Ягода счастье чем желание что. Уронить эпоха тусклый возможно. Головка космос бригада угодный роскошный за.",
      "is_solving": false,
      "creation_date": "2023-09-10T09:22:41.465Z",
      "updated_date": "2023-09-10T09:22:41.477Z"
    }
  },
  {
    "model": "forum.questionanswer",
    "pk": 20,
    "fields": {
      "question": 43,
      "user": 15,
      "answer": "Правый палата засунуть академик инструкция. Парень одиннадцать некоторый появление казнь. Видимо дальний цвет. Построить штаб палец. Мусор академик вытаскивать правление разводить скрытый. Куча бетонный лиловый пропаганда интернет. Тревога дрогнуть выдержать постоянный ночь. Вывести трясти засунуть расстегнуть вариант танцевать. Приятель пересечь низкий добиться белье карандаш.",
      "is_solving": false,
      "creation_date": "2023-09-10T09:22:41.480Z",
      "updated_date": "2023-09-10T09:22:41.495Z"
    }
  },
  {
    "model": "forum.questionanswer",
    "pk": 21,
    "fields": {
      "question": 47,
      "user": null,
      "answer": "Цель число головка чувство. Упор выражение монета спорт триста правление. Социалистический упорно лететь танцевать изменение забирать настать. Банк пол художественный передо очередной манера.",
      "is_solving": false,
      "creation_date": "2023-09-10T09:22:41.498Z",
      "updated_date": "2023-09-10T09:22:41.509Z"
    }
  },
  {
    "model": "forum.questionanswer",
    "pk": 22,
    "fields": {
      "question": 48,
      "user": 20,
      "answer": "Бровь блин скрытый наступать посидеть следовательно легко. Дальний вообще постоянный заведение. Радость освободить дремать привлекать о. Монета палка проход сверкать умирать командующий. Домашний задержать пол снимать багровый похороны зима. Расстройство налево палата коммунизм дремать падать означать. Мучительно оборот песенка триста светило четыре. Рот дальний расстегнуть инвалид. Палата медицина ремень.",
      "is_solving": false,
      "creation_date": "2023-09-10T09:22:41.511Z",
      "updated_date": "2023-09-10T09:22:41.535Z"
    }
  },
  {
    "model": "forum.questionanswer",
    "pk": 23,
    "fields": {
      "question": 49,
      "user": null,
      "answer": "Головной горький разнообразный полностью полоска кпсс. Валюта страсть коричневый сустав. Палка головной юный освобождение самостоятельно еврейский. Избегать карандаш услать песня. Снимать функция горький командир слать конференция пасть приличный.",
      "is_solving": false,
      "creation_date": "2023-09-10T09:22:41.539Z",
      "updated_date": "2023-09-10T09:22:41.552Z"
    }
  },
  {
    "model": "forum.questionanswerimages",
    "pk": 1,
    "fields": {
      "image": "мелочь.jpeg",
      "alt_text": null,
      "parent": 1
    }
  },
  {
    "model": "forum.questionanswerimages",
    "pk": 2,
    "fields": {
      "image": "естественный.jpeg",
      "alt_text": null,
      "parent": 2
    }
  },
  {
    "model": "forum.questionanswerimages",
    "pk": 3,
    "fields": {
      "image": "боец.jpeg",
      "alt_text": null,
      "parent": 6
    }
  },
  {
    "model": "forum.questionanswerimages",
    "pk": 4,
    "fields": {
      "image": "понятный.jpeg",
      "alt_text": null,
      "parent": 7
    }
  },
  {
    "model": "forum.questionanswerimages",
    "pk": 5,
    "fields": {
      "image": "редактор.jpeg",
      "alt_text": null,
      "parent": 8
    }
  },
  {
    "model": "forum.questionanswerimages",
    "pk": 6,
    "fields": {
      "image": "провинция.jpeg",
      "alt_text": null,
      "parent": 9
    }
  },
  {
    "model": "forum.questionanswerimages",
    "pk": 7,
    "fields": {
      "image": "применяться.jpeg",
      "alt_text": null,
      "parent": 10
    }
  },
  {
    "model": "forum.questionanswerimages",
    "pk": 8,
    "fields": {
      "image": "засунуть.jpeg",
      "alt_text": null,
      "parent": 11
    }
  },
  {
    "model": "forum.questionanswerimages",
    "pk": 9,
    "fields": {
      "image": "спичка.jpeg",
      "alt_text": null,
      "parent": 12
    }
  },
  {
    "model": "forum.questionanswerimages",
    "pk": 10,
    "fields": {
      "image": "изображать.jpeg",
      "alt_text": null,
      "parent": 14
    }
  },
  {
    "model": "forum.questionanswerimages",
    "pk": 11,
    "fields": {
      "image": "свежий.jpeg",
      "alt_text": null,
      "parent": 15
    }
  },
  {
    "model": "forum.questionanswerimages",
    "pk": 12,
    "fields": {
      "image": "горький.jpeg",
      "alt_text": null,
      "parent": 16
    }
  },
  {
    "model": "forum.questionanswerimages",
    "pk": 13,
    "fields": {
      "image": "интернет.jpeg",
      "alt_text": null,
      "parent": 17
    }
  },
  {
    "model": "forum.questionanswerimages",
    "pk": 14,
    "fields": {
      "image": "космос.jpeg",
      "alt_text": null,
      "parent": 19
    }
  },
  {
    "model": "forum.questionanswerimages",
    "pk": 15,
    "fields": {
      "image": "соответствие.jpeg",
      "alt_text": null,
      "parent": 20
    }
  },
  {
    "model": "forum.questionanswerimages",
    "pk": 16,
    "fields": {
      "image": "подробность.jpeg",
      "alt_text": null,
      "parent": 22
    }
  },
  {
    "model": "forum.questionanswerrating",
    "pk": 1,
    "fields": {
      "like_amount": 8,
      "dislike_amount": 11,
      "answer": 1,
      "users_liked": [
        2,
        6,
        7,
        10,
        11,
        14,
        15,
        18
      ],
      "users_disliked": [
        1,
        4,
        5,
        9,
        12,
        13,
        16,
        17,
        19,
        20,
        21
      ]
    }
  },
  {
    "model": "forum.questionanswerrating",
    "pk": 2,
    "fields": {
      "like_amount": 21,
      "dislike_amount": 0,
      "answer": 2,
      "users_liked": [
        1,
        2,
        3,
        4,
        5,
        6,
        7,
        8,
        9,
        10,
        11,
        12,
        13,
        14,
        15,
        16,
        17,
        18,
        19,
        20,
        21
      ],
      "users_disliked": []
    }
  },
  {
    "model": "forum.questionanswerrating",
    "pk": 3,
    "fields": {
      "like_amount": 14,
      "dislike_amount": 7,
      "answer": 3,
      "users_liked": [
        1,
        3,
        4,
        5,
        6,
        7,
        8,
        10,
        14,
        15,
        17,
        18,
        19,
        20
      ],
      "users_disliked": [
        2,
        9,
        11,
        12,
        13,
        16,
        21
      ]
    }
  },
  {
    "model": "forum.questionanswerrating",
    "pk": 4,
    "fields": {
      "like_amount": 9,
      "dislike_amount": 11,
      "answer": 4,
      "users_liked": [
        1,
        2,
        5,
        7,
        8,
        15,
        18,
        19,
        21
      ],
      "users_disliked": [
        3,
        4,
        6,
        9,
        10,
        11,
        12,
        13,
        14,
        16,
        20
      ]
    }
  },
  {
    "model": "forum.questionanswerrating",
    "pk": 5,
    "fields": {
      "like_amount": 7,
      "dislike_amount": 10,
      "answer": 5,
      "users_liked": [
        6,
        7,
        13,
        14,
        15,
        18,
        20
      ],
      "users_disliked": [
        1,
        3,
        4,
        5,
        8,
        10,
        11,
        12,
        17,
        19
      ]
    }
  },
  {
    "model": "forum.questionanswerrating",
    "pk": 6,
    "fields": {
      "like_amount": 0,
      "dislike_amount": 5,
      "answer": 6,
      "users_liked": [],
      "users_disliked": [
        4,
        10,
        15,
        17,
        18
      ]
    }
  },
  {
    "model": "forum.questionanswerrating",
    "pk": 7,
    "fields": {
      "like_amount": 12,
      "dislike_amount": 2,
      "answer": 7,
      "users_liked": [
        2,
        4,
        5,
        6,
        7,
        8,
        10,
        14,
        16,
        17,
        18,
        20
      ],
      "users_disliked": [
        3,
        12
      ]
    }
  },
  {
    "model": "forum.questionanswerrating",
    "pk": 8,
    "fields": {
      "like_amount": 19,
      "dislike_amount": 0,
      "answer": 8,
      "users_liked": [
        1,
        3,
        4,
        6,
        7,
        8,
        9,
        10,
        11,
        12,
        13,
        14,
        15,
        16,
        17,
        18,
        19,
        20,
        21
      ],
      "users_disliked": []
    }
  },
  {
    "model": "forum.questionanswerrating",
    "pk": 9,
    "fields": {
      "like_amount": 14,
      "dislike_amount": 3,
      "answer": 9,
      "users_liked": [
        3,
        4,
        5,
        6,
        7,
        8,
        10,
        11,
        13,
        15,
        16,
        17,
        18,
        19
      ],
      "users_disliked": [
        9,
        2,
        12
      ]
    }
  },
  {
    "model": "forum.questionanswerrating",
    "pk": 10,
    "fields": {
      "like_amount": 8,
      "dislike_amount": 3,
      "answer": 10,
      "users_liked": [
        1,
        3,
        11,
        17,
        18,
        19,
        20,
        21
      ],
      "users_disliked": [
        2,
        6,
        14
      ]
    }
  },
  {
    "model": "forum.questionanswerrating",
    "pk": 11,
    "fields": {
      "like_amount": 15,
      "dislike_amount": 2,
      "answer": 11,
      "users_liked": [
        3,
        4,
        5,
        7,
        8,
        9,
        10,
        12,
        13,
        14,
        15,
        16,
        17,
        18,
        21
      ],
      "users_disliked": [
        19,
        11
      ]
    }
  },
  {
    "model": "forum.questionanswerrating",
    "pk": 12,
    "fields": {
      "like_amount": 3,
      "dislike_amount": 18,
      "answer": 12,
      "users_liked": [
        8,
        2,
        12
      ],
      "users_disliked": [
        1,
        3,
        4,
        5,
        6,
        7,
        9,
        10,
        11,
        13,
        14,
        15,
        16,
        17,
        18,
        19,
        20,
        21
      ]
    }
  },
  {
    "model": "forum.questionanswerrating",
    "pk": 13,
    "fields": {
      "like_amount": 7,
      "dislike_amount": 0,
      "answer": 13,
      "users_liked": [
        2,
        3,
        4,
        5,
        9,
        14,
        19
      ],
      "users_disliked": []
    }
  },
  {
    "model": "forum.questionanswerrating",
    "pk": 14,
    "fields": {
      "like_amount": 4,
      "dislike_amount": 0,
      "answer": 14,
      "users_liked": [
        2,
        10,
        11,
        5
      ],
      "users_disliked": []
    }
  },
  {
    "model": "forum.questionanswerrating",
    "pk": 15,
    "fields": {
      "like_amount": 5,
      "dislike_amount": 13,
      "answer": 15,
      "users_liked": [
        2,
        4,
        8,
        9,
        21
      ],
      "users_disliked": [
        1,
        3,
        5,
        6,
        7,
        10,
        12,
        13,
        14,
        15,
        16,
        17,
        18
      ]
    }
  },
  {
    "model": "forum.questionanswerrating",
    "pk": 16,
    "fields": {
      "like_amount": 1,
      "dislike_amount": 4,
      "answer": 16,
      "users_liked": [
        6
      ],
      "users_disliked": [
        8,
        9,
        10,
        21
      ]
    }
  },
  {
    "model": "forum.questionanswerrating",
    "pk": 17,
    "fields": {
      "like_amount": 19,
      "dislike_amount": 0,
      "answer": 17,
      "users_liked": [
        1,
        2,
        3,
        4,
        5,
        8,
        9,
        10,
        11,
        12,
        13,
        14,
        15,
        16,
        17,
        18,
        19,
        20,
        21
      ],
      "users_disliked": []
    }
  },
  {
    "model": "forum.questionanswerrating",
    "pk": 18,
    "fields": {
      "like_amount": 13,
      "dislike_amount": 7,
      "answer": 18,
      "users_liked": [
        1,
        5,
        6,
        8,
        9,
        10,
        13,
        14,
        16,
        17,
        18,
        19,
        21
      ],
      "users_disliked": [
        3,
        4,
        7,
        11,
        12,
        15,
        20
      ]
    }
  },
  {
    "model": "forum.questionanswerrating",
    "pk": 19,
    "fields": {
      "like_amount": 15,
      "dislike_amount": 6,
      "answer": 19,
      "users_liked": [
        2,
        4,
        5,
        6,
        7,
        9,
        10,
        11,
        13,
        14,
        15,
        16,
        19,
        20,
        21
      ],
      "users_disliked": [
        1,
        3,
        8,
        12,
        17,
        18
      ]
    }
  },
  {
    "model": "forum.questionanswerrating",
    "pk": 20,
    "fields": {
      "like_amount": 18,
      "dislike_amount": 1,
      "answer": 20,
      "users_liked": [
        1,
        2,
        3,
        4,
        5,
        6,
        8,
        9,
        10,
        11,
        12,
        13,
        14,
        15,
        16,
        18,
        20,
        21
      ],
      "users_disliked": [
        7
      ]
    }
  },
  {
    "model": "forum.questionanswerrating",
    "pk": 21,
    "fields": {
      "like_amount": 8,
      "dislike_amount": 7,
      "answer": 21,
      "users_liked": [
        1,
        5,
        9,
        10,
        12,
        15,
        16,
        19
      ],
      "users_disliked": [
        2,
        3,
        6,
        13,
        17,
        18,
        21
      ]
    }
  },
  {
    "model": "forum.questionanswerrating",
    "pk": 22,
    "fields": {
      "like_amount": 14,
      "dislike_amount": 6,
      "answer": 22,
      "users_liked": [
        2,
        4,
        5,
        6,
        7,
        8,
        11,
        13,
        14,
        16,
        17,
        18,
        19,
        21
      ],
      "users_disliked": [
        3,
        9,
        10,
        12,
        15,
        20
      ]
    }
  },
  {
    "model": "forum.questionanswerrating",
    "pk": 23,
    "fields": {
      "like_amount": 10,
      "dislike_amount": 0,
      "answer": 23,
      "users_liked": [
        4,
        5,
        6,
        8,
        9,
        12,
        13,
        14,
        15,
        16
      ],
      "users_disliked": []
    }
  },
  {
    "model": "forum.answercomment",
    "pk": 1,
    "fields": {
      "user": 14,
      "question_answer": 1,
      "comment": "Задрать оборот налево конференция дружно висеть солнце ручей коробка витрина.",
      "creation_date": "2023-09-10T09:22:41.584Z",
      "updated_date": "2023-09-10T09:22:41.587Z"
    }
  },
  {
    "model": "forum.answercomment",
    "pk": 2,
    "fields": {
      "user": null,
      "question_answer": 3,
      "comment": "Нож поймать школьный белье помимо коричневый металл услать художественный космос.",
      "creation_date": "2023-09-10T09:22:41.589Z",
      "updated_date": "2023-09-10T09:22:41.589Z"
    }
  },
  {
    "model": "forum.answercomment",
    "pk": 3,
    "fields": {
      "user": null,
      "question_answer": 5,
      "comment": "Налево полоска угол князь коричневый приятель приятель ответить пересечь призыв.",
      "creation_date": "2023-09-10T09:22:41.590Z",
      "updated_date": "2023-09-10T09:22:41.590Z"
    }
  },
  {
    "model": "forum.answercomment",
    "pk": 4,
    "fields": {
      "user": 11,
      "question_answer": 6,
      "comment": "Картинка июнь неудобно трясти слать приятель бок триста сынок наткнуться.",
      "creation_date": "2023-09-10T09:22:41.590Z",
      "updated_date": "2023-09-10T09:22:41.593Z"
    }
  },
  {
    "model": "forum.answercomment",
    "pk": 5,
    "fields": {
      "user": 6,
      "question_answer": 8,
      "comment": "Какой смелый зима опасность подробность командующий поколение означать мучительно факультет.",
      "creation_date": "2023-09-10T09:22:41.595Z",
      "updated_date": "2023-09-10T09:22:41.599Z"
    }
  },
  {
    "model": "forum.answercomment",
    "pk": 6,
    "fields": {
      "user": 21,
      "question_answer": 9,
      "comment": "Разуметься вряд поймать скрытый валюта пересечь эпоха стакан уничтожение дальний.",
      "creation_date": "2023-09-10T09:22:41.601Z",
      "updated_date": "2023-09-10T09:22:41.604Z"
    }
  },
  {
    "model": "forum.answercomment",
    "pk": 7,
    "fields": {
      "user": null,
      "question_answer": 11,
      "comment": "Табак изображать передо столетие привлекать обида вариант издали зарплата бегать.",
      "creation_date": "2023-09-10T09:22:41.606Z",
      "updated_date": "2023-09-10T09:22:41.606Z"
    }
  },
  {
    "model": "forum.answercomment",
    "pk": 8,
    "fields": {
      "user": null,
      "question_answer": 18,
      "comment": "Непривычный угроза означать дрогнуть покидать инфекция сопровождаться возможно оборот вздрагивать.",
      "creation_date": "2023-09-10T09:22:41.608Z",
      "updated_date": "2023-09-10T09:22:41.608Z"
    }
  },
  {
    "model": "forum.answercomment",
    "pk": 9,
    "fields": {
      "user": null,
      "question_answer": 20,
      "comment": "Затянуться подробность решение зарплата зато растеряться помимо госпожа граница вариант.",
      "creation_date": "2023-09-10T09:22:41.610Z",
      "updated_date": "2023-09-10T09:22:41.610Z"
    }
  },
  {
    "model": "forum.answercomment",
    "pk": 10,
    "fields": {
      "user": null,
      "question_answer": 22,
      "comment": "Райком домашний ночь ребятишки научить посидеть построить разнообразный запретить указанный.",
      "creation_date": "2023-09-10T09:22:41.611Z",
      "updated_date": "2023-09-10T09:22:41.611Z"
    }
  }
]